Machine_ID,Machine_Type,Installation_Date,Age,Timestamp,Temperature (°C),Vibration (mm/s),Pressure (psi),Humidity (%),Voltage (V),Current (A),Power_Consumption (kW),Failure_Status,Failure_Type,Downtime (hrs),Workload,Production_Rate,Operational_Hours,Last_Maintenance_Date,Maintenance_Type,Maintenance_Cost ($),Maintenance_Duration (hrs),Ambient_Temperature (°C),Ambient_Humidity (%),Anomaly_Score,Anomaly_Flag,Predicted_Failure_Probability,Predicted_Failure_Time
Machine_001,CNC Machine,2018-10-06,5.4,2024-03-10 04:40:22,82.6,5.7,126.5,41.5,215.0,12.6,2.1,0,-,0.0,Medium,134,8077,2024-01-12,Corrective,494,1.9,27.4,65.1,0.43,0,0.85,-
Machine_002,CNC Machine,2023-05-09,0.8,2024-03-10 11:44:06,68.4,3.3,118.3,59.6,222.8,10.8,3.5,0,-,0.0,High,124,3789,2023-05-18,Preventive,964,3.9,22.1,63.1,0.47,0,0.67,-
Machine_003,Conveyor Belt,2020-12-21,3.2,2024-03-10 16:02:55,89.6,5.1,123.6,66.2,215.4,15.7,4.4,0,-,0.0,Medium,125,9215,2023-10-25,Corrective,482,1.4,23.0,62.6,0.41,0,0.66,-
Machine_004,CNC Machine,2023-12-15,0.2,2024-03-10 04:12:40,66.4,5.4,129.9,50.7,224.6,15.1,2.0,0,-,0.0,Medium,162,6917,2023-08-14,Corrective,945,3.0,24.0,69.1,0.72,0,0.69,-
Machine_005,Conveyor Belt,2023-09-15,0.5,2024-03-10 14:39:28,80.0,5.2,123.4,58.8,219.3,14.2,2.8,1,-,2.1,Medium,154,9040,2023-12-02,Corrective,352,2.8,23.7,51.4,0.21,0,0.87,2024-03-20 14:39:28
Machine_006,CNC Machine,2023-12-25,0.2,2024-03-10 21:16:49,69.6,4.9,141.1,67.9,222.8,11.5,5.0,0,-,0.0,High,193,3320,2023-04-13,Corrective,602,1.9,20.0,58.2,0.86,1,0.26,-
Machine_007,Conveyor Belt,2021-05-25,2.8,2024-03-10 06:03:05,62.7,2.3,144.9,50.4,221.1,15.9,3.0,0,-,0.0,Low,175,8392,2023-07-01,Corrective,589,1.8,29.8,66.4,0.65,0,0.45,-
Machine_008,Hydraulic Press,2021-06-11,2.7,2024-03-10 12:51:11,81.9,5.5,127.9,56.0,223.9,16.5,5.0,0,-,0.0,High,191,7098,2023-11-27,Preventive,822,1.5,25.7,60.9,0.76,0,0.63,-
Machine_009,CNC Machine,2018-04-28,5.9,2024-03-10 14:58:00,75.2,2.8,132.9,44.4,215.9,19.8,2.8,1,Bearing Failure,1.4,Low,92,8178,2023-11-06,Corrective,996,3.4,27.2,68.7,0.35,0,0.26,2024-03-14 14:58:00
Machine_010,CNC Machine,2018-08-24,5.5,2024-03-10 07:30:30,80.4,3.9,119.4,67.2,216.9,10.8,3.6,0,-,0.0,Low,133,8014,2024-01-21,Preventive,974,1.3,25.2,67.1,0.37,0,0.84,-
Machine_011,Conveyor Belt,2019-07-06,4.7,2024-03-10 00:50:33,67.3,5.3,137.7,69.8,223.7,16.1,3.9,0,-,0.0,Low,120,2772,2023-11-07,Preventive,717,1.0,20.7,53.3,0.27,0,0.79,-
Machine_012,Hydraulic Press,2019-12-05,4.3,2024-03-10 07:42:36,89.9,3.9,134.6,55.7,217.1,14.5,4.7,0,-,0.0,Medium,179,6778,2023-09-23,Preventive,553,2.2,22.7,51.1,0.27,0,0.57,-
Machine_013,Hydraulic Press,2018-07-22,5.6,2024-03-10 19:03:00,67.4,2.4,112.4,42.8,215.5,15.8,2.4,0,-,0.0,Low,188,5198,2023-10-21,Preventive,920,2.3,22.6,65.1,0.22,0,0.86,-
Machine_014,Hydraulic Press,2023-12-02,0.3,2024-03-10 01:49:04,76.5,5.1,118.2,69.0,218.6,13.9,2.0,0,-,0.0,Medium,83,2200,2023-03-15,Corrective,999,2.0,24.6,58.9,0.69,0,0.78,-
Machine_015,Conveyor Belt,2019-07-06,4.7,2024-03-10 14:41:35,64.8,3.8,101.3,45.8,219.1,11.9,2.3,1,Electrical Failure,2.4,Medium,151,3598,2023-04-29,Preventive,927,1.1,22.5,59.9,0.6,0,0.87,2024-03-16 14:41:35
Machine_016,Hydraulic Press,2023-09-05,0.5,2024-03-10 02:27:18,65.3,5.4,105.2,61.4,222.2,12.9,4.2,0,-,0.0,Medium,100,9424,2023-08-14,Corrective,381,1.7,23.7,68.0,0.24,0,0.22,-
Machine_017,Hydraulic Press,2022-12-23,1.2,2024-03-10 11:42:12,61.2,2.1,123.6,63.3,221.8,13.3,3.0,0,-,0.0,Medium,145,9850,2023-03-30,Corrective,439,1.1,21.3,68.0,0.63,0,0.39,-
Machine_018,Hydraulic Press,2020-09-26,3.5,2024-03-10 23:38:55,83.3,2.8,115.9,42.6,222.3,16.2,3.1,0,-,0.0,High,157,7599,2023-05-24,Corrective,991,3.4,21.4,63.9,0.75,0,0.78,-
Machine_019,CNC Machine,2018-08-31,5.5,2024-03-10 21:30:13,83.0,5.5,135.6,49.7,222.4,15.7,3.0,0,-,0.0,High,89,2173,2023-09-26,Corrective,743,3.2,27.9,56.7,0.84,0,0.42,-
Machine_020,CNC Machine,2019-10-03,4.4,2024-03-10 08:34:04,62.1,6.9,132.4,58.6,220.3,16.3,4.8,0,-,0.0,Medium,95,6717,2023-08-02,Preventive,545,2.3,25.2,65.5,0.61,0,0.72,-
Machine_021,CNC Machine,2022-07-02,1.7,2024-03-10 04:14:22,88.6,4.4,107.6,49.9,222.3,19.6,3.4,1,Electrical Failure,2.1,Medium,144,3400,2023-10-23,Preventive,494,1.6,24.7,56.2,0.95,1,0.43,2024-03-13 04:14:22
Machine_022,Hydraulic Press,2019-08-22,4.6,2024-03-10 15:55:12,65.4,2.1,126.1,61.8,219.1,10.0,4.3,0,-,0.0,High,158,2110,2023-08-05,Corrective,950,1.3,20.9,64.7,0.67,0,0.86,-
Machine_023,CNC Machine,2023-06-07,0.8,2024-03-10 00:47:53,70.0,3.6,111.1,56.7,218.2,12.5,4.1,0,-,0.0,High,182,3015,2023-05-31,Corrective,581,1.1,24.6,66.2,0.26,0,0.34,-
Machine_024,Hydraulic Press,2022-11-08,1.3,2024-03-10 18:39:05,74.3,5.8,106.1,67.1,218.4,13.1,3.2,0,-,0.0,High,136,5642,2023-08-19,Corrective,684,3.3,21.3,58.5,0.47,0,0.88,-
Machine_025,Hydraulic Press,2020-08-08,3.6,2024-03-10 09:27:36,87.4,6.1,113.4,57.9,217.3,15.4,2.7,0,-,0.0,Low,150,3403,2023-06-02,Corrective,695,2.0,29.0,54.7,0.21,0,0.82,-
Machine_026,CNC Machine,2023-12-13,0.2,2024-03-10 10:25:44,63.7,3.0,116.3,53.3,217.5,15.6,2.6,0,-,0.0,High,178,9381,2023-09-26,Preventive,753,3.1,26.2,63.5,0.57,0,0.64,-
Machine_027,Hydraulic Press,2018-03-21,6.0,2024-03-10 15:50:24,61.2,2.2,139.0,67.5,217.4,13.8,3.7,0,-,0.0,High,91,3165,2023-07-13,Corrective,960,1.3,23.9,54.2,0.88,1,0.78,-
Machine_028,Hydraulic Press,2022-08-15,1.6,2024-03-10 22:58:11,76.3,3.1,130.6,64.3,223.8,19.7,4.8,0,-,0.0,Medium,85,5270,2023-08-24,Corrective,529,1.4,20.8,58.0,0.97,1,0.56,-
Machine_029,Conveyor Belt,2018-10-31,5.4,2024-03-10 02:59:59,86.1,6.2,114.5,45.3,215.7,13.5,5.0,1,Motor Failure,1.5,Low,192,2003,2023-06-16,Preventive,830,1.3,21.0,54.8,0.79,0,0.28,2024-03-18 02:59:59
Machine_030,Hydraulic Press,2020-03-25,4.0,2024-03-10 08:51:49,65.8,3.5,141.3,65.8,224.5,15.1,2.6,0,-,0.0,High,175,7583,2023-08-27,Corrective,975,2.0,27.4,52.9,0.84,0,0.74,-
Machine_031,Conveyor Belt,2022-01-03,2.2,2024-03-10 09:31:18,66.2,3.5,124.9,50.2,219.5,15.4,2.3,1,Overheating,4.6,Medium,82,9164,2023-10-04,Preventive,399,1.3,22.2,58.7,0.78,0,0.35,2024-03-19 09:31:18
Machine_032,CNC Machine,2021-09-08,2.5,2024-03-10 12:00:51,86.4,5.5,127.1,68.5,220.6,16.3,4.1,0,-,0.0,Medium,178,4168,2023-03-23,Preventive,793,1.3,30.0,55.8,0.67,0,0.68,-
Machine_033,Conveyor Belt,2019-07-02,4.7,2024-03-10 15:24:49,60.7,2.5,146.3,66.6,223.4,10.4,4.6,0,-,0.0,High,175,5860,2023-10-19,Preventive,943,1.5,28.8,56.2,0.85,0,0.46,-
Machine_034,CNC Machine,2018-02-16,6.1,2024-03-10 03:40:46,75.0,3.2,129.0,56.0,218.0,17.0,4.8,0,-,0.0,High,103,7631,2023-09-05,Corrective,933,3.4,26.6,52.5,0.62,0,0.22,-
Machine_035,Hydraulic Press,2022-02-13,2.1,2024-03-10 03:29:42,87.4,2.3,111.9,46.6,216.5,17.6,2.8,1,Motor Failure,3.2,Low,189,8936,2023-08-03,Preventive,857,1.3,27.2,56.4,0.98,1,0.5,2024-03-13 03:29:42
Machine_036,Hydraulic Press,2022-01-04,2.2,2024-03-10 13:37:15,85.2,6.1,124.6,59.2,215.6,14.8,2.5,0,-,0.0,Low,137,4986,2023-11-27,Corrective,308,3.3,23.4,57.4,0.94,1,0.25,-
Machine_037,Conveyor Belt,2021-07-17,2.6,2024-03-10 20:53:08,67.8,3.5,120.6,47.6,221.8,18.6,4.5,1,Overheating,1.2,High,167,2320,2023-04-25,Preventive,990,3.0,24.3,51.4,0.57,0,0.55,2024-03-13 20:53:08
Machine_038,Conveyor Belt,2020-10-11,3.4,2024-03-10 02:38:44,68.6,6.7,112.7,41.4,216.8,18.0,3.3,0,-,0.0,Low,128,5966,2023-08-30,Preventive,424,3.5,27.0,69.3,0.92,1,0.87,-
Machine_039,Hydraulic Press,2022-04-27,1.9,2024-03-10 15:30:09,74.2,4.2,126.1,55.6,222.3,11.3,3.5,0,-,0.0,Low,92,6404,2023-11-29,Preventive,452,2.0,24.4,67.6,0.41,0,0.88,-
Machine_040,Conveyor Belt,2018-03-26,6.0,2024-03-10 12:44:29,86.3,5.6,114.4,54.6,220.8,19.5,3.9,0,-,0.0,Low,197,4051,2024-01-27,Preventive,557,4.0,26.7,58.8,0.96,1,0.3,-
Machine_041,CNC Machine,2019-05-06,4.8,2024-03-10 20:29:18,73.9,4.3,139.5,54.6,218.8,11.0,4.5,0,-,0.0,Low,117,5432,2023-05-30,Preventive,914,2.6,23.2,52.5,0.14,0,0.4,-
Machine_042,CNC Machine,2019-01-11,5.2,2024-03-10 13:58:15,78.9,6.0,123.0,63.3,220.4,12.5,3.5,0,-,0.0,High,110,4556,2023-07-23,Corrective,999,1.2,29.8,59.4,0.96,1,0.26,-
Machine_043,Conveyor Belt,2019-06-02,4.8,2024-03-10 18:41:55,74.7,4.0,130.9,46.6,224.7,12.7,3.1,1,Overheating,4.3,Low,131,8304,2023-04-13,Corrective,502,2.8,24.1,68.2,0.55,0,0.82,2024-03-18 18:41:55
Machine_044,CNC Machine,2019-05-25,4.8,2024-03-10 11:41:32,80.7,2.6,124.9,65.5,224.1,15.3,3.3,0,-,0.0,Medium,169,2045,2023-06-05,Corrective,530,3.6,23.3,66.8,0.15,0,0.65,-
Machine_045,Hydraulic Press,2022-11-17,1.3,2024-03-10 14:47:58,88.0,4.1,113.1,43.5,219.0,11.3,3.2,0,-,0.0,Low,200,2315,2023-09-30,Preventive,305,3.7,22.9,57.7,0.29,0,0.8,-
Machine_046,CNC Machine,2020-08-31,3.5,2024-03-10 08:25:41,86.7,3.0,134.1,54.9,215.3,13.6,2.2,0,-,0.0,High,164,2406,2023-12-04,Corrective,488,3.9,28.1,52.1,0.73,0,0.57,-
Machine_047,CNC Machine,2023-01-23,1.1,2024-03-10 00:02:32,81.7,5.7,130.5,56.0,223.4,14.4,3.4,1,Overheating,2.7,High,115,4817,2023-08-07,Corrective,767,1.5,29.4,69.9,0.39,0,0.82,2024-03-20 00:02:32
Machine_048,CNC Machine,2023-05-17,0.8,2024-03-10 20:28:24,85.4,5.6,120.0,44.2,216.2,14.7,4.2,1,-,3.7,High,127,8510,2023-08-02,Preventive,942,1.6,25.8,56.3,0.39,0,0.32,2024-03-16 20:28:24
Machine_049,Conveyor Belt,2021-08-11,2.6,2024-03-10 01:36:42,88.7,6.1,105.7,58.4,218.0,12.5,2.9,1,Bearing Failure,3.1,Medium,156,9650,2023-05-10,Preventive,320,3.1,24.6,53.4,0.13,0,0.45,2024-03-19 01:36:42
Machine_050,Hydraulic Press,2021-06-29,2.7,2024-03-10 08:17:55,86.4,5.8,134.9,63.3,218.3,10.5,3.0,0,-,0.0,Medium,137,5256,2023-04-21,Preventive,329,2.6,23.0,63.3,0.76,0,0.67,-
Machine_051,Hydraulic Press,2023-02-27,1.0,2024-03-10 08:33:37,74.4,2.0,126.8,48.1,221.3,15.8,2.2,0,-,0.0,Medium,152,3794,2023-12-09,Preventive,584,3.5,20.6,65.3,0.58,0,0.45,-
Machine_052,Conveyor Belt,2021-10-25,2.4,2024-03-10 11:54:21,62.5,3.0,111.4,66.6,224.6,16.7,3.7,0,-,0.0,Medium,181,8192,2023-12-26,Preventive,558,1.7,27.7,62.6,0.76,0,0.79,-
Machine_053,Hydraulic Press,2023-07-24,0.6,2024-03-10 07:15:06,64.3,2.2,141.8,53.7,219.7,17.8,2.9,0,-,0.0,Low,199,3355,2024-02-05,Corrective,600,3.8,24.9,61.0,0.24,0,0.83,-
Machine_054,Conveyor Belt,2023-12-14,0.2,2024-03-10 17:16:58,64.7,3.7,128.1,42.7,223.9,12.0,4.3,0,-,0.0,Medium,94,9445,2023-08-21,Corrective,355,3.6,23.1,69.7,0.65,0,0.57,-
Machine_055,Hydraulic Press,2018-07-17,5.7,2024-03-10 23:56:21,67.6,2.5,106.9,68.6,220.2,13.7,2.1,0,-,0.0,High,131,4575,2023-04-21,Preventive,803,2.4,22.7,55.1,0.19,0,0.72,-
Machine_056,CNC Machine,2022-10-07,1.4,2024-03-10 05:53:46,64.1,6.6,114.2,69.1,219.2,13.4,3.4,0,-,0.0,High,159,5782,2023-07-01,Corrective,733,3.9,21.9,51.5,0.55,0,0.87,-
Machine_057,Conveyor Belt,2019-01-21,5.1,2024-03-10 00:27:43,70.4,6.9,106.7,55.3,223.5,15.5,3.5,0,-,0.0,Low,138,5301,2023-11-07,Corrective,866,3.9,28.1,64.9,0.63,0,0.2,-
Machine_058,Hydraulic Press,2022-08-26,1.5,2024-03-10 22:49:19,78.9,4.2,115.5,42.8,224.0,11.9,2.8,0,-,0.0,High,133,2528,2023-07-06,Corrective,335,3.3,21.5,59.4,0.31,0,0.43,-
Machine_059,Hydraulic Press,2021-03-28,3.0,2024-03-10 14:06:55,89.1,4.5,121.1,68.4,222.7,10.2,3.8,0,-,0.0,High,190,3717,2023-03-21,Corrective,563,3.3,20.3,65.5,0.4,0,0.63,-
Machine_060,Hydraulic Press,2020-01-24,4.1,2024-03-10 02:55:11,66.5,2.0,109.7,51.5,221.9,10.2,4.7,0,-,0.0,High,143,8842,2023-08-05,Corrective,371,1.4,29.2,64.5,0.89,1,0.62,-
Machine_061,Hydraulic Press,2023-04-15,0.9,2024-03-10 00:58:00,60.4,6.5,115.0,58.2,217.6,12.4,3.2,0,-,0.0,High,83,2280,2023-09-07,Preventive,976,1.9,29.0,50.4,0.94,1,0.61,-
Machine_062,Hydraulic Press,2022-09-27,1.5,2024-03-10 22:02:58,86.4,4.3,121.2,52.7,217.8,18.1,4.1,0,-,0.0,High,127,8981,2023-12-11,Preventive,815,1.3,27.7,54.1,0.54,0,0.29,-
Machine_063,CNC Machine,2022-03-23,2.0,2024-03-10 14:21:01,64.4,2.4,114.9,55.0,224.6,18.7,2.7,0,-,0.0,Medium,151,6432,2023-10-06,Corrective,317,2.8,29.3,68.3,0.78,0,0.59,-
Machine_064,Conveyor Belt,2022-12-12,1.2,2024-03-10 11:33:56,71.9,5.8,142.8,51.5,219.9,17.3,3.1,1,Overheating,2.1,Medium,144,3176,2023-06-27,Preventive,541,2.1,24.0,59.4,0.78,0,0.53,2024-03-13 11:33:56
Machine_065,CNC Machine,2019-10-27,4.4,2024-03-10 21:05:10,87.4,3.8,128.1,46.0,224.0,19.2,3.5,0,-,0.0,High,175,9885,2023-05-16,Preventive,862,3.8,21.9,52.8,0.79,0,0.83,-
Machine_066,CNC Machine,2022-12-16,1.2,2024-03-10 12:43:52,71.4,2.8,116.5,50.8,217.6,18.7,4.0,0,-,0.0,Medium,135,4927,2024-02-03,Corrective,769,1.0,24.3,57.2,0.81,0,0.33,-
Machine_067,Conveyor Belt,2023-07-28,0.6,2024-03-10 00:31:20,70.3,5.6,138.1,46.6,223.4,19.5,3.4,0,-,0.0,Low,106,3974,2024-02-07,Preventive,593,1.3,26.0,57.3,0.85,0,0.57,-
Machine_068,CNC Machine,2018-04-07,5.9,2024-03-10 04:17:23,63.4,3.6,113.7,58.5,216.7,19.4,4.0,0,-,0.0,Medium,86,2760,2023-04-28,Corrective,781,2.0,22.9,69.4,0.89,1,0.74,-
Machine_069,Hydraulic Press,2022-04-11,1.9,2024-03-10 07:27:37,89.0,6.7,144.4,69.7,221.6,17.8,3.9,0,-,0.0,Low,151,3280,2023-08-19,Preventive,370,4.0,23.3,57.0,0.48,0,0.22,-
Machine_070,Conveyor Belt,2018-04-12,5.9,2024-03-10 08:19:45,86.8,4.3,126.9,45.3,222.1,18.8,3.7,0,-,0.0,High,199,5216,2023-10-09,Corrective,910,3.2,25.7,62.1,0.15,0,0.49,-
Machine_071,CNC Machine,2022-12-05,1.3,2024-03-10 04:18:29,68.2,6.3,128.7,56.5,216.7,14.0,4.8,0,-,0.0,Medium,190,5034,2023-11-25,Corrective,639,2.9,24.8,56.4,0.67,0,0.54,-
Machine_072,Hydraulic Press,2020-08-28,3.5,2024-03-10 13:31:10,80.1,2.9,135.6,65.7,219.0,18.4,3.2,1,Bearing Failure,1.1,Low,92,2272,2024-01-31,Preventive,901,2.0,24.8,62.6,0.74,0,0.26,2024-03-11 13:31:10
Machine_073,Conveyor Belt,2023-07-02,0.7,2024-03-10 11:51:59,70.3,5.1,116.1,65.6,222.0,12.1,3.0,0,-,0.0,Low,166,4668,2023-11-26,Preventive,947,1.9,20.7,53.6,0.86,1,0.36,-
Machine_074,Conveyor Belt,2018-08-19,5.6,2024-03-10 00:45:05,83.5,2.6,107.0,53.0,224.8,11.1,3.6,0,-,0.0,Medium,82,3151,2023-03-29,Preventive,425,2.6,28.6,56.6,0.33,0,0.24,-
Machine_075,Conveyor Belt,2022-06-05,1.8,2024-03-10 08:19:59,76.1,4.5,135.0,42.3,224.2,17.8,4.6,0,-,0.0,Medium,184,8116,2023-06-12,Preventive,667,1.5,24.3,69.3,0.57,0,0.48,-
Machine_076,CNC Machine,2022-11-09,1.3,2024-03-10 10:01:48,89.9,2.4,111.2,43.2,216.5,18.7,2.3,0,-,0.0,Low,109,9108,2023-06-16,Preventive,765,1.4,23.3,53.0,0.66,0,0.63,-
Machine_077,CNC Machine,2020-11-16,3.3,2024-03-10 19:23:06,83.4,5.4,108.6,64.8,224.2,17.2,2.8,1,Electrical Failure,4.2,Medium,167,3328,2023-08-08,Preventive,399,3.5,29.7,54.4,0.34,0,0.75,2024-03-16 19:23:06
Machine_078,CNC Machine,2023-12-27,0.2,2024-03-10 19:21:57,84.7,4.1,105.2,53.5,224.6,14.5,4.8,0,-,0.0,High,142,5162,2023-06-18,Corrective,594,1.1,25.5,56.0,0.2,0,0.73,-
Machine_079,CNC Machine,2020-08-06,3.6,2024-03-10 18:35:51,61.4,4.3,141.9,56.1,216.7,16.5,4.7,0,-,0.0,High,99,5768,2023-10-26,Preventive,644,3.2,26.0,66.3,0.18,0,0.58,-
Machine_080,CNC Machine,2021-05-10,2.8,2024-03-10 04:49:55,67.7,3.6,119.6,64.8,217.4,15.5,2.8,0,-,0.0,High,200,5406,2023-12-02,Preventive,602,3.5,21.9,67.0,0.72,0,0.48,-
Machine_081,Conveyor Belt,2022-08-18,1.6,2024-03-10 11:18:32,62.7,6.2,134.3,41.0,218.8,18.2,3.9,0,-,0.0,Low,167,4900,2023-10-09,Preventive,769,1.3,21.2,55.9,1.0,1,0.27,-
Machine_082,Conveyor Belt,2022-03-21,2.0,2024-03-10 07:46:53,63.4,5.2,106.2,45.5,222.3,11.2,2.8,0,-,0.0,High,87,7259,2023-08-01,Preventive,618,1.0,22.1,53.2,0.14,0,0.67,-
Machine_083,Conveyor Belt,2021-12-20,2.2,2024-03-10 19:05:14,60.4,4.7,125.3,67.9,216.9,11.0,4.8,0,-,0.0,Low,146,2391,2024-01-27,Preventive,905,2.1,22.6,65.6,0.92,1,0.54,-
Machine_084,Hydraulic Press,2023-11-04,0.3,2024-03-10 05:07:35,67.7,4.0,121.3,63.7,216.4,12.7,2.2,0,-,0.0,High,189,3346,2023-10-17,Preventive,774,2.5,29.4,64.4,0.57,0,0.35,-
Machine_085,Hydraulic Press,2022-09-23,1.5,2024-03-10 00:37:15,67.1,4.2,105.6,40.4,218.5,12.1,2.6,1,Overheating,4.2,High,166,4775,2023-03-12,Preventive,341,3.8,29.0,54.7,0.46,0,0.39,2024-03-15 00:37:15
Machine_086,Conveyor Belt,2021-11-04,2.3,2024-03-10 02:26:43,84.8,2.3,135.1,48.8,222.8,19.3,3.0,0,-,0.0,Low,192,9601,2023-06-09,Preventive,992,3.0,20.7,66.5,0.52,0,0.44,-
Machine_087,Hydraulic Press,2021-01-12,3.2,2024-03-10 22:10:44,66.5,5.3,114.7,41.0,224.2,18.0,4.0,0,-,0.0,Low,108,9495,2023-03-11,Corrective,300,3.5,26.2,67.7,0.95,1,0.39,-
Machine_088,CNC Machine,2020-02-12,4.1,2024-03-10 11:04:19,81.3,3.2,127.3,41.5,224.8,15.5,4.4,0,-,0.0,Low,134,7068,2023-05-25,Preventive,990,3.2,21.6,60.3,0.47,0,0.38,-
Machine_089,Conveyor Belt,2019-08-21,4.6,2024-03-10 03:57:31,81.1,6.5,107.6,64.9,220.5,14.0,3.4,0,-,0.0,Medium,138,2501,2023-07-07,Preventive,613,1.1,23.8,68.9,0.19,0,0.77,-
Machine_090,Hydraulic Press,2021-08-27,2.5,2024-03-10 14:38:02,80.5,4.6,116.0,64.8,220.8,17.9,4.9,0,-,0.0,Medium,128,9049,2023-08-07,Preventive,774,1.7,25.3,58.3,0.19,0,0.46,-
Machine_091,Hydraulic Press,2022-03-13,2.0,2024-03-10 11:10:40,63.2,3.3,118.5,45.9,220.5,13.6,4.0,0,-,0.0,High,136,4765,2023-06-08,Corrective,442,1.3,27.1,65.2,0.18,0,0.39,-
Machine_092,Conveyor Belt,2019-11-09,4.3,2024-03-10 04:19:45,76.3,4.8,143.1,42.4,220.1,10.7,2.5,0,-,0.0,Low,149,4196,2023-06-07,Corrective,601,3.9,22.3,64.6,0.2,0,0.46,-
Machine_093,Hydraulic Press,2019-11-18,4.3,2024-03-10 08:31:43,71.4,6.4,110.7,44.1,216.9,15.7,4.7,0,-,0.0,Low,80,4656,2023-11-08,Preventive,861,3.9,28.1,59.0,0.71,0,0.56,-
Machine_094,Hydraulic Press,2022-12-29,1.2,2024-03-10 23:46:19,60.6,2.1,103.4,57.7,221.0,18.5,3.7,0,-,0.0,Low,173,3226,2023-09-22,Preventive,857,1.2,21.7,55.9,0.71,0,0.43,-
Machine_095,Conveyor Belt,2022-05-26,1.8,2024-03-10 17:19:14,88.8,2.5,119.6,67.2,215.1,10.9,4.7,0,-,0.0,Low,183,7880,2023-03-22,Corrective,320,1.3,21.3,67.0,0.35,0,0.78,-
Machine_096,CNC Machine,2023-05-07,0.8,2024-03-10 18:48:14,63.8,5.0,131.2,42.4,219.5,15.8,2.1,0,-,0.0,Low,190,9810,2023-10-20,Preventive,430,3.9,21.5,63.0,0.9,1,0.49,-
Machine_097,Hydraulic Press,2020-08-24,3.5,2024-03-10 00:52:52,89.1,5.9,119.3,52.1,218.3,16.3,3.4,0,-,0.0,Low,96,9282,2023-07-08,Preventive,664,2.6,24.9,68.8,0.21,0,0.66,-
Machine_098,CNC Machine,2019-10-16,4.4,2024-03-10 21:30:59,76.9,2.4,125.7,41.3,221.9,12.4,2.6,1,Overheating,2.5,Medium,187,3017,2023-12-07,Corrective,720,2.7,29.8,52.2,0.72,0,0.67,2024-03-16 21:30:59
Machine_099,Conveyor Belt,2023-03-05,1.0,2024-03-10 02:54:48,62.6,2.7,103.1,46.7,222.1,16.7,2.3,0,-,0.0,Low,94,6945,2024-01-01,Preventive,360,3.5,23.3,51.7,0.36,0,0.67,-
Machine_100,Conveyor Belt,2023-06-17,0.7,2024-03-10 23:22:43,75.0,5.9,144.7,45.8,215.2,17.9,2.6,1,Overheating,4.3,Low,158,4790,2023-04-20,Preventive,611,1.3,26.7,56.5,0.7,0,0.24,2024-03-14 23:22:43
Machine_101,CNC Machine,2020-12-18,3.2,2024-03-10 12:55:35,74.7,6.1,144.3,55.2,220.1,11.1,2.8,1,Motor Failure,3.5,Low,135,2876,2024-01-11,Corrective,660,1.7,26.7,64.9,0.99,1,0.28,2024-03-12 12:55:35
Machine_102,Conveyor Belt,2020-06-03,3.8,2024-03-10 12:36:51,79.2,2.2,114.6,46.3,218.1,10.6,3.0,1,Bearing Failure,4.8,Medium,96,9121,2023-11-28,Preventive,798,2.3,27.5,63.1,0.24,0,0.46,2024-03-17 12:36:51
Machine_103,Hydraulic Press,2019-09-02,4.5,2024-03-10 00:13:58,84.8,4.1,123.5,61.3,218.3,13.8,4.1,0,-,0.0,Low,85,9836,2023-04-25,Corrective,449,2.0,21.4,64.9,0.61,0,0.44,-
Machine_104,Conveyor Belt,2020-09-16,3.5,2024-03-10 08:19:30,70.1,4.3,148.8,54.7,217.8,12.9,3.4,0,-,0.0,Low,181,5059,2023-07-11,Preventive,900,3.5,22.4,68.2,0.16,0,0.58,-
Machine_105,CNC Machine,2021-12-30,2.2,2024-03-10 14:17:15,84.1,5.8,134.3,66.9,221.3,17.6,4.3,0,-,0.0,Medium,158,8411,2023-07-16,Preventive,645,1.9,27.2,57.1,0.89,1,0.52,-
Machine_106,CNC Machine,2021-08-14,2.6,2024-03-10 00:15:37,61.1,3.6,124.8,44.3,215.6,17.6,2.5,0,-,0.0,Low,97,4006,2023-06-27,Corrective,958,2.3,24.3,59.6,0.9,1,0.64,-
Machine_107,Hydraulic Press,2020-11-27,3.3,2024-03-10 21:27:26,64.1,5.1,110.5,53.5,219.9,13.0,2.3,0,-,0.0,Medium,132,8591,2023-11-20,Corrective,619,2.6,27.6,57.4,0.35,0,0.68,-
Machine_108,CNC Machine,2019-08-28,4.5,2024-03-10 20:17:22,70.9,3.8,108.1,48.8,216.1,17.5,3.6,0,-,0.0,Low,180,2118,2023-05-27,Corrective,903,2.2,24.4,62.0,0.14,0,0.85,-
Machine_109,CNC Machine,2021-12-21,2.2,2024-03-10 02:08:48,78.3,3.5,103.6,43.4,224.9,18.7,4.2,1,Overheating,2.7,Low,163,6150,2024-01-23,Preventive,536,1.9,24.4,53.6,0.29,0,0.2,2024-03-14 02:08:48
Machine_110,Conveyor Belt,2019-06-02,4.8,2024-03-10 15:22:22,65.8,3.6,137.4,55.9,223.1,10.8,3.3,0,-,0.0,Medium,122,8478,2024-01-29,Corrective,781,1.7,24.8,68.2,0.27,0,0.49,-
Machine_111,Hydraulic Press,2019-03-25,5.0,2024-03-10 05:05:31,65.1,3.2,116.9,48.8,217.9,19.4,4.7,0,-,0.0,High,195,4135,2023-08-28,Preventive,598,1.9,27.3,60.7,0.59,0,0.53,-
Machine_112,CNC Machine,2018-05-01,5.9,2024-03-10 14:04:16,80.1,6.4,148.7,67.3,215.5,15.2,3.0,0,-,0.0,Medium,128,3574,2023-12-27,Corrective,510,2.0,27.6,59.9,0.63,0,0.78,-
Machine_113,Hydraulic Press,2018-03-09,6.0,2024-03-10 21:52:46,85.7,5.5,130.9,52.6,221.5,19.0,2.9,0,-,0.0,Low,81,8785,2023-08-14,Preventive,671,2.8,21.4,67.7,0.37,0,0.68,-
Machine_114,Conveyor Belt,2021-11-08,2.3,2024-03-10 04:23:07,84.6,6.7,131.2,59.9,221.4,14.7,4.4,0,-,0.0,Low,168,7884,2023-04-24,Corrective,824,2.1,26.7,50.3,0.61,0,0.7,-
Machine_115,Conveyor Belt,2022-07-05,1.7,2024-03-10 05:29:54,75.9,3.5,144.6,64.6,217.6,11.2,3.3,0,-,0.0,Low,144,2851,2023-04-30,Corrective,348,1.5,21.4,53.2,0.57,0,0.71,-
Machine_116,Conveyor Belt,2020-07-06,3.7,2024-03-10 10:58:21,62.7,4.1,136.8,52.1,224.9,11.4,2.6,0,-,0.0,High,80,8373,2023-10-13,Corrective,769,2.1,26.1,59.6,0.63,0,0.53,-
Machine_117,CNC Machine,2023-05-30,0.8,2024-03-10 12:36:37,68.9,2.3,141.4,57.5,224.3,15.1,3.9,0,-,0.0,High,122,2402,2023-11-17,Preventive,878,2.3,25.2,63.2,0.93,1,0.63,-
Machine_118,CNC Machine,2018-04-03,5.9,2024-03-10 10:40:14,77.1,5.2,146.7,65.3,224.4,10.3,4.2,0,-,0.0,Low,129,6789,2023-11-14,Corrective,564,2.9,29.2,69.0,0.23,0,0.76,-
Machine_119,Hydraulic Press,2018-02-24,6.0,2024-03-10 15:09:16,65.1,5.9,124.8,44.6,222.3,12.8,2.7,0,-,0.0,High,123,2144,2023-09-27,Corrective,323,3.6,24.2,60.5,0.97,1,0.77,-
Machine_120,CNC Machine,2021-08-21,2.6,2024-03-10 11:58:29,73.1,4.4,139.7,66.2,216.8,15.9,3.1,0,-,0.0,Medium,174,4230,2023-09-28,Preventive,669,3.2,26.9,64.7,0.83,0,0.86,-
Machine_121,Hydraulic Press,2021-07-10,2.7,2024-03-10 10:32:32,78.3,3.2,141.6,53.4,220.1,18.0,2.4,0,-,0.0,Medium,132,5612,2023-08-08,Preventive,905,1.7,26.8,67.5,0.86,1,0.63,-
Machine_122,CNC Machine,2018-01-13,6.2,2024-03-10 08:00:37,61.6,4.5,146.6,45.2,219.8,15.2,3.9,0,-,0.0,High,87,4851,2023-07-17,Corrective,893,3.7,21.5,69.7,0.67,0,0.4,-
Machine_123,CNC Machine,2018-12-03,5.3,2024-03-10 14:02:37,88.4,6.9,105.1,65.4,216.1,12.2,4.0,0,-,0.0,Medium,146,6006,2023-03-26,Corrective,909,3.0,29.7,67.1,0.42,0,0.25,-
Machine_124,Conveyor Belt,2021-10-23,2.4,2024-03-10 22:23:27,87.2,3.9,117.0,57.3,222.9,19.8,2.6,1,Bearing Failure,1.8,Low,90,2557,2023-04-04,Corrective,764,3.4,24.8,61.5,0.93,1,0.5,2024-03-19 22:23:27
Machine_125,Conveyor Belt,2019-12-12,4.2,2024-03-10 13:24:18,64.5,6.6,144.6,56.9,218.3,17.0,2.1,0,-,0.0,Low,109,2506,2023-08-06,Preventive,390,1.6,28.3,59.5,0.74,0,0.54,-
Machine_126,Hydraulic Press,2021-01-19,3.1,2024-03-10 06:11:33,86.8,5.2,124.6,54.0,219.6,10.9,3.3,1,-,1.9,High,147,4349,2023-09-27,Preventive,974,2.7,23.8,66.8,0.57,0,0.81,2024-03-16 06:11:33
Machine_127,CNC Machine,2018-09-04,5.5,2024-03-10 00:20:16,61.2,3.4,126.9,55.9,217.3,13.1,2.8,0,-,0.0,High,102,3417,2023-05-26,Corrective,507,2.5,22.5,69.6,0.98,1,0.37,-
Machine_128,Hydraulic Press,2022-06-19,1.7,2024-03-10 20:42:34,74.4,5.1,123.1,58.0,219.7,13.3,2.8,1,Motor Failure,2.9,Medium,97,4876,2023-07-14,Corrective,803,1.7,20.3,68.9,0.24,0,0.9,2024-03-16 20:42:34
Machine_129,Conveyor Belt,2021-10-04,2.4,2024-03-10 13:02:22,82.7,4.5,118.3,54.1,216.1,18.8,3.8,0,-,0.0,Medium,109,6826,2024-01-13,Corrective,628,1.1,24.0,64.4,0.68,0,0.43,-
Machine_130,Hydraulic Press,2023-05-12,0.8,2024-03-10 19:49:38,73.2,6.8,111.7,69.0,215.5,10.9,2.4,1,Bearing Failure,4.3,Medium,194,4952,2023-06-13,Preventive,972,3.6,26.1,55.1,0.1,0,0.43,2024-03-16 19:49:38
Machine_131,CNC Machine,2023-10-05,0.4,2024-03-10 02:58:22,61.7,3.9,148.6,59.4,217.7,12.1,2.6,0,-,0.0,Medium,161,2406,2023-03-29,Corrective,364,2.4,22.3,62.7,0.93,1,0.87,-
Machine_132,Conveyor Belt,2020-08-16,3.6,2024-03-10 09:10:59,82.5,7.0,103.8,60.4,223.2,15.6,4.0,0,-,0.0,Low,111,5174,2023-10-16,Corrective,591,1.2,24.9,68.0,0.72,0,0.39,-
Machine_133,Conveyor Belt,2021-01-10,3.2,2024-03-10 20:11:56,75.5,3.3,114.8,57.3,223.7,10.1,4.0,0,-,0.0,Low,141,7562,2023-12-16,Corrective,986,1.1,20.0,52.9,0.45,0,0.22,-
Machine_134,CNC Machine,2018-10-27,5.4,2024-03-10 14:35:57,65.6,2.7,128.2,57.3,224.4,14.1,2.3,0,-,0.0,Low,110,2917,2023-09-30,Preventive,939,1.2,29.9,64.1,0.56,0,0.85,-
Machine_135,CNC Machine,2020-04-03,3.9,2024-03-10 04:38:11,60.2,7.0,131.2,52.2,217.1,16.6,2.2,1,Bearing Failure,4.5,Medium,81,8172,2023-07-06,Corrective,634,3.2,26.7,59.7,0.35,0,0.51,2024-03-13 04:38:11
Machine_136,CNC Machine,2022-07-28,1.6,2024-03-10 10:17:19,73.8,4.3,123.6,43.8,224.2,19.7,2.3,0,-,0.0,High,142,8052,2023-10-31,Corrective,616,2.1,25.8,63.7,0.2,0,0.37,-
Machine_137,Hydraulic Press,2022-12-02,1.3,2024-03-10 10:13:19,70.7,4.0,103.7,55.6,216.5,13.1,2.0,1,Electrical Failure,2.2,High,92,3027,2024-01-15,Corrective,370,1.1,23.3,52.8,0.74,0,0.67,2024-03-17 10:13:19
Machine_138,Conveyor Belt,2020-10-17,3.4,2024-03-10 00:38:58,74.2,4.0,118.5,68.6,218.1,19.3,3.7,0,-,0.0,High,166,5341,2023-10-24,Preventive,992,1.6,23.8,64.1,0.56,0,0.76,-
Machine_139,Conveyor Belt,2020-01-26,4.1,2024-03-10 08:36:18,68.6,3.3,101.9,54.7,220.9,19.8,4.1,1,Bearing Failure,2.5,Low,109,6459,2024-01-11,Corrective,713,2.8,22.8,69.0,0.77,0,0.33,2024-03-12 08:36:18
Machine_140,CNC Machine,2018-10-30,5.4,2024-03-10 02:51:27,77.1,6.1,116.4,57.3,217.2,10.9,4.0,1,Overheating,1.8,Low,148,9596,2023-06-21,Corrective,947,3.9,22.0,60.4,0.11,0,0.24,2024-03-16 02:51:27
Machine_141,Hydraulic Press,2022-11-06,1.3,2024-03-10 01:11:27,61.2,2.9,116.0,48.1,222.5,18.7,4.3,0,-,0.0,High,196,4348,2023-04-10,Corrective,478,1.5,24.4,52.7,0.85,0,0.77,-
Machine_142,Hydraulic Press,2021-05-24,2.8,2024-03-10 19:50:25,69.1,3.5,134.9,60.5,217.7,17.2,2.7,1,-,4.6,Low,97,6522,2023-07-27,Preventive,907,3.0,25.0,50.9,0.76,0,0.62,2024-03-19 19:50:25
Machine_143,Conveyor Belt,2021-07-12,2.7,2024-03-10 11:14:04,89.4,3.9,103.3,63.5,222.7,15.5,3.6,1,-,2.7,Medium,179,3721,2023-03-26,Corrective,824,1.5,20.7,51.3,1.0,1,0.28,2024-03-12 11:14:04
Machine_144,Hydraulic Press,2019-12-18,4.2,2024-03-10 16:06:19,67.5,4.1,143.8,54.2,216.4,17.0,4.1,0,-,0.0,Medium,83,7493,2023-07-25,Preventive,491,1.3,21.4,60.2,0.76,0,0.76,-
Machine_145,Conveyor Belt,2022-08-12,1.6,2024-03-10 20:04:36,64.1,6.5,115.4,47.7,223.5,17.8,3.5,0,-,0.0,High,96,9005,2023-05-07,Corrective,636,3.0,23.2,55.4,0.22,0,0.6,-
Machine_146,CNC Machine,2022-09-13,1.5,2024-03-10 01:28:14,84.8,4.9,132.6,44.0,222.2,16.0,3.6,0,-,0.0,Medium,193,8813,2023-05-10,Corrective,768,3.9,26.5,69.7,0.45,0,0.27,-
Machine_147,Conveyor Belt,2018-03-08,6.0,2024-03-10 12:35:00,66.3,5.6,108.5,60.1,222.9,13.5,4.7,0,-,0.0,Low,83,4149,2023-05-30,Corrective,579,2.9,22.1,64.9,0.66,0,0.77,-
Machine_148,Conveyor Belt,2023-03-14,1.0,2024-03-10 01:04:12,80.6,3.0,107.2,48.3,217.1,19.3,3.8,0,-,0.0,Low,155,8055,2023-04-21,Corrective,950,3.8,24.9,56.0,0.7,0,0.88,-
Machine_149,Hydraulic Press,2019-11-24,4.3,2024-03-10 22:16:49,82.8,2.9,128.4,62.7,224.0,17.3,2.5,0,-,0.0,Low,154,5197,2023-06-09,Preventive,443,1.1,21.4,57.8,0.8,0,0.43,-
Machine_150,Hydraulic Press,2023-01-20,1.1,2024-03-10 09:34:20,86.9,4.3,121.8,45.5,222.8,14.0,2.1,0,-,0.0,Medium,157,3872,2023-11-19,Corrective,684,2.6,26.9,56.4,0.99,1,0.45,-
Machine_151,Hydraulic Press,2020-11-24,3.3,2024-03-10 14:24:01,60.8,3.6,118.5,59.3,217.5,15.2,2.1,0,-,0.0,Medium,193,2226,2023-07-19,Preventive,433,3.5,23.9,51.9,0.63,0,0.23,-
Machine_152,Conveyor Belt,2019-08-13,4.6,2024-03-10 09:23:16,89.1,3.2,109.2,45.9,218.5,17.5,2.5,0,-,0.0,Medium,149,7456,2023-07-01,Corrective,818,3.6,27.4,59.9,0.78,0,0.33,-
Machine_153,Hydraulic Press,2018-07-05,5.7,2024-03-10 09:20:51,80.9,2.0,140.5,63.3,215.9,15.0,4.2,0,-,0.0,Medium,144,7347,2023-10-11,Corrective,334,1.4,24.6,51.7,0.19,0,0.7,-
Machine_154,Hydraulic Press,2023-08-30,0.5,2024-03-10 07:49:43,73.3,2.7,132.2,64.3,220.9,17.5,4.1,0,-,0.0,High,105,8400,2024-02-06,Preventive,424,2.7,20.8,57.4,0.34,0,0.4,-
Machine_155,Hydraulic Press,2018-10-01,5.4,2024-03-10 05:36:49,79.3,3.1,101.7,45.0,221.2,10.3,4.5,1,Bearing Failure,1.9,Low,160,5996,2023-03-11,Preventive,348,1.6,26.9,70.0,0.69,0,0.52,2024-03-18 05:36:49
Machine_156,Conveyor Belt,2021-08-06,2.6,2024-03-10 00:07:46,85.6,2.4,133.5,45.4,218.8,17.3,4.9,0,-,0.0,Low,108,8747,2024-02-04,Corrective,641,3.2,29.3,54.2,0.36,0,0.83,-
Machine_157,CNC Machine,2021-07-31,2.6,2024-03-10 04:28:07,72.6,3.5,103.7,59.8,224.8,16.2,4.9,0,-,0.0,Low,114,2331,2023-05-08,Corrective,652,2.0,29.3,67.4,0.75,0,0.4,-
Machine_158,CNC Machine,2018-05-16,5.8,2024-03-10 09:41:49,68.6,5.1,124.9,67.0,216.2,13.7,3.6,0,-,0.0,Medium,85,5560,2023-05-13,Preventive,845,2.5,26.3,55.1,0.66,0,0.6,-
Machine_159,Conveyor Belt,2023-11-20,0.3,2024-03-10 15:17:26,81.5,5.0,141.6,53.5,216.3,17.7,5.0,0,-,0.0,High,154,5590,2023-03-26,Corrective,543,3.8,24.8,68.3,0.57,0,0.51,-
Machine_160,Hydraulic Press,2021-12-06,2.3,2024-03-10 19:20:49,64.5,5.9,140.1,58.1,223.4,11.5,2.8,1,Bearing Failure,3.9,Low,158,4072,2023-04-21,Corrective,357,1.4,22.3,57.0,0.8,0,0.84,2024-03-14 19:20:49
Machine_161,Conveyor Belt,2022-06-20,1.7,2024-03-10 21:18:09,60.9,4.4,113.7,48.8,221.7,11.1,4.3,0,-,0.0,Low,115,3062,2024-01-30,Preventive,784,2.1,24.8,59.5,0.37,0,0.59,-
Machine_162,Conveyor Belt,2022-01-16,2.1,2024-03-10 07:50:44,85.4,4.6,112.9,66.5,215.5,11.7,2.1,1,Motor Failure,3.1,High,188,2984,2023-06-30,Corrective,302,1.2,28.0,59.0,0.46,0,0.32,2024-03-20 07:50:44
Machine_163,Conveyor Belt,2018-04-26,5.9,2024-03-10 05:32:06,65.8,3.8,136.4,56.2,219.2,16.7,4.0,0,-,0.0,Low,139,4108,2023-03-21,Preventive,975,3.6,21.5,62.3,0.86,1,0.22,-
Machine_164,Hydraulic Press,2020-12-25,3.2,2024-03-10 08:38:18,75.1,3.7,147.7,63.8,224.7,15.2,4.2,0,-,0.0,Medium,97,7464,2023-10-11,Corrective,468,2.5,27.3,66.7,0.71,0,0.45,-
Machine_165,CNC Machine,2021-06-26,2.7,2024-03-10 03:26:40,71.7,3.7,113.2,65.2,221.8,16.8,4.0,0,-,0.0,High,195,6479,2023-06-16,Preventive,814,3.6,24.8,68.3,0.31,0,0.72,-
Machine_166,CNC Machine,2018-07-08,5.7,2024-03-10 09:57:54,83.8,3.9,141.2,65.5,221.6,16.5,4.7,0,-,0.0,High,111,3520,2023-09-15,Corrective,1000,1.5,20.9,63.0,0.33,0,0.27,-
Machine_167,Conveyor Belt,2023-09-26,0.5,2024-03-10 03:13:29,65.3,6.1,137.3,64.9,215.3,16.2,3.3,0,-,0.0,Low,105,6235,2023-03-13,Corrective,797,2.3,21.3,56.5,0.82,0,0.85,-
Machine_168,Conveyor Belt,2022-11-18,1.3,2024-03-10 02:40:39,78.7,3.0,143.8,47.8,215.1,14.8,2.9,0,-,0.0,High,83,2873,2023-11-28,Corrective,533,3.6,28.0,52.9,0.47,0,0.24,-
Machine_169,CNC Machine,2021-11-29,2.3,2024-03-10 12:11:48,77.6,5.1,144.3,53.7,218.4,16.9,4.5,1,Electrical Failure,1.8,High,116,9977,2023-12-17,Corrective,937,4.0,25.6,68.7,0.53,0,0.88,2024-03-11 12:11:48
Machine_170,Hydraulic Press,2019-08-11,4.6,2024-03-10 14:34:57,84.0,5.3,114.3,61.3,218.1,15.0,2.4,0,-,0.0,Low,111,5644,2023-12-26,Corrective,444,3.0,25.4,50.8,0.57,0,0.46,-
Machine_171,Conveyor Belt,2020-02-10,4.1,2024-03-10 11:28:56,81.9,6.3,124.2,52.8,221.0,10.2,2.4,0,-,0.0,Medium,99,3401,2023-09-18,Corrective,783,3.1,23.8,65.6,0.25,0,0.62,-
Machine_172,Conveyor Belt,2023-06-04,0.8,2024-03-10 18:55:31,64.5,3.6,108.6,57.3,218.5,12.4,2.8,0,-,0.0,Medium,121,8102,2023-03-13,Preventive,830,2.4,24.5,67.3,0.89,1,0.35,-
Machine_173,Hydraulic Press,2020-02-27,4.0,2024-03-10 00:24:19,83.9,3.5,122.0,68.0,217.1,13.5,3.5,0,-,0.0,High,100,9325,2023-12-07,Preventive,600,1.7,29.5,52.0,0.9,1,0.7,-
Machine_174,Hydraulic Press,2018-06-14,5.7,2024-03-10 03:56:11,64.6,6.8,121.3,49.0,221.7,15.8,2.0,1,Electrical Failure,2.5,High,140,9618,2023-12-23,Corrective,523,3.9,26.4,51.0,0.54,0,0.47,2024-03-14 03:56:11
Machine_175,CNC Machine,2020-10-08,3.4,2024-03-10 02:42:09,75.4,3.1,135.8,60.5,215.5,15.0,2.4,1,-,3.1,High,104,5430,2023-08-02,Corrective,517,2.5,28.5,54.6,0.86,1,0.42,2024-03-17 02:42:09
Machine_176,Hydraulic Press,2018-04-08,5.9,2024-03-10 09:39:14,73.6,2.4,127.1,67.3,219.3,17.5,2.2,0,-,0.0,Low,104,9105,2023-11-16,Corrective,340,3.7,21.7,55.4,0.18,0,0.6,-
Machine_177,CNC Machine,2019-04-04,4.9,2024-03-10 11:02:48,89.6,3.5,133.3,40.8,221.5,18.2,4.2,0,-,0.0,Medium,138,6913,2023-05-12,Corrective,766,2.6,21.5,55.0,0.25,0,0.75,-
Machine_178,Conveyor Belt,2020-10-05,3.4,2024-03-10 04:07:01,88.0,3.0,121.1,58.1,216.6,17.6,4.8,0,-,0.0,Low,125,4135,2023-06-26,Corrective,454,1.4,26.0,62.2,0.36,0,0.72,-
Machine_179,CNC Machine,2023-09-06,0.5,2024-03-10 08:00:07,84.2,2.6,128.0,62.9,218.3,12.2,4.7,0,-,0.0,Low,97,3188,2023-07-07,Corrective,707,2.6,21.7,52.7,0.16,0,0.49,-
Machine_180,CNC Machine,2019-06-12,4.7,2024-03-10 21:17:27,82.0,6.2,115.7,48.6,221.9,14.8,2.4,0,-,0.0,Low,165,6555,2023-03-13,Preventive,750,1.9,22.3,65.3,0.88,1,0.48,-
Machine_181,Hydraulic Press,2022-12-02,1.3,2024-03-10 18:01:32,80.3,4.8,140.6,48.1,224.8,12.5,2.3,0,-,0.0,High,102,6065,2023-12-18,Preventive,306,1.7,20.4,58.3,0.42,0,0.54,-
Machine_182,Conveyor Belt,2018-03-22,6.0,2024-03-10 11:38:04,71.7,5.3,112.7,43.6,222.4,13.9,3.8,0,-,0.0,Low,97,9102,2023-09-06,Corrective,853,2.7,24.7,68.6,0.26,0,0.61,-
Machine_183,Conveyor Belt,2020-12-08,3.3,2024-03-10 10:40:21,86.2,4.2,103.1,55.6,215.5,18.2,4.8,0,-,0.0,Low,162,7867,2023-09-28,Preventive,801,2.9,27.1,56.2,0.13,0,0.89,-
Machine_184,CNC Machine,2019-06-20,4.7,2024-03-10 21:42:34,64.2,5.6,109.0,43.2,219.8,10.8,4.2,0,-,0.0,High,86,8615,2023-09-19,Corrective,822,2.2,25.6,64.7,0.84,0,0.83,-
Machine_185,Hydraulic Press,2019-07-06,4.7,2024-03-10 18:46:08,89.9,2.2,123.3,51.4,219.9,16.9,2.8,0,-,0.0,Medium,155,3477,2023-06-14,Preventive,743,2.2,27.2,51.8,0.85,0,0.89,-
Machine_186,CNC Machine,2018-09-12,5.5,2024-03-10 14:12:02,76.0,6.1,132.1,68.1,223.3,15.1,3.2,0,-,0.0,Low,174,9339,2023-11-20,Corrective,562,3.6,23.8,68.9,0.71,0,0.41,-
Machine_187,Hydraulic Press,2020-10-03,3.4,2024-03-10 01:35:02,61.6,6.4,104.3,62.6,223.5,16.2,4.5,0,-,0.0,Low,108,3919,2023-03-11,Corrective,983,3.7,22.5,68.9,0.59,0,0.46,-
Machine_188,Conveyor Belt,2021-02-04,3.1,2024-03-10 18:29:28,69.5,2.9,105.6,69.0,219.3,12.7,2.5,0,-,0.0,Low,96,7638,2023-05-28,Preventive,891,3.3,23.7,56.5,0.39,0,0.87,-
Machine_189,Conveyor Belt,2020-07-06,3.7,2024-03-10 00:55:27,83.5,4.9,116.4,61.0,219.4,13.4,2.5,0,-,0.0,Medium,194,3405,2023-08-23,Corrective,594,2.4,21.2,64.4,0.18,0,0.59,-
Machine_190,Conveyor Belt,2021-04-17,2.9,2024-03-10 19:06:26,71.2,2.0,146.9,41.3,224.8,19.9,4.6,0,-,0.0,Medium,168,3730,2023-06-04,Corrective,516,4.0,25.1,52.5,0.74,0,0.42,-
Machine_191,CNC Machine,2022-12-30,1.2,2024-03-10 00:59:55,65.7,6.4,105.7,66.3,220.6,16.4,3.3,0,-,0.0,Low,92,2856,2023-04-17,Corrective,977,3.1,27.7,62.2,0.95,1,0.43,-
Machine_192,CNC Machine,2019-06-24,4.7,2024-03-10 13:37:33,71.7,4.1,121.8,42.1,224.7,15.7,3.1,0,-,0.0,High,149,5596,2023-12-20,Corrective,864,2.8,25.5,63.4,0.97,1,0.63,-
Machine_193,CNC Machine,2021-06-09,2.8,2024-03-10 01:20:54,74.4,4.8,104.5,48.6,219.4,12.3,3.9,0,-,0.0,Medium,129,9323,2023-07-06,Preventive,844,2.7,24.7,61.5,0.66,0,0.75,-
Machine_194,Conveyor Belt,2019-11-21,4.3,2024-03-10 22:07:47,66.0,4.9,124.1,56.1,217.9,19.2,3.5,0,-,0.0,Medium,134,6595,2023-09-02,Corrective,596,2.4,20.9,53.4,0.8,0,0.7,-
Machine_195,Hydraulic Press,2022-07-30,1.6,2024-03-10 15:52:43,74.3,2.5,141.4,67.6,215.5,19.6,2.7,0,-,0.0,Low,182,6665,2023-11-11,Corrective,489,2.6,25.7,58.1,0.57,0,0.88,-
Machine_196,Conveyor Belt,2023-10-08,0.4,2024-03-10 21:50:28,72.2,2.5,139.2,44.6,217.2,15.9,3.0,0,-,0.0,High,148,8692,2023-07-25,Preventive,970,2.3,29.7,56.6,0.38,0,0.25,-
Machine_197,Hydraulic Press,2020-04-30,3.9,2024-03-10 16:55:47,60.6,5.2,144.5,56.2,223.5,18.9,5.0,0,-,0.0,Medium,172,2784,2023-11-03,Preventive,426,2.1,20.8,59.9,0.68,0,0.34,-
Machine_198,Hydraulic Press,2019-10-01,4.4,2024-03-10 03:09:23,83.5,4.2,148.6,65.6,217.6,15.9,3.8,1,Electrical Failure,1.1,Low,180,3127,2023-09-07,Corrective,964,3.0,28.2,58.4,0.17,0,0.51,2024-03-14 03:09:23
Machine_199,CNC Machine,2023-10-30,0.4,2024-03-10 13:22:32,76.0,5.1,111.3,40.9,224.8,11.3,2.4,0,-,0.0,High,194,8345,2023-09-11,Corrective,664,2.3,26.6,64.9,0.86,1,0.37,-
Machine_200,Hydraulic Press,2020-12-16,3.2,2024-03-10 03:00:32,75.4,3.6,110.1,60.6,219.0,14.5,2.1,0,-,0.0,High,109,5270,2023-10-29,Preventive,642,3.1,29.1,58.2,0.85,0,0.79,-
Machine_201,Hydraulic Press,2018-04-22,5.9,2024-03-10 14:30:09,62.0,5.5,120.9,64.0,221.8,11.7,4.7,0,-,0.0,Low,111,9307,2023-12-23,Corrective,885,3.9,20.7,69.9,0.22,0,0.46,-
Machine_202,CNC Machine,2023-05-20,0.8,2024-03-10 02:14:44,77.3,4.1,135.6,52.8,224.4,19.1,3.0,0,-,0.0,Medium,174,7823,2023-08-09,Preventive,390,3.9,20.3,54.9,0.99,1,0.75,-
Machine_203,Hydraulic Press,2021-12-18,2.2,2024-03-10 15:28:00,60.1,2.3,127.6,46.3,218.6,13.8,2.2,0,-,0.0,High,106,7797,2023-12-21,Preventive,382,1.5,27.2,60.7,0.36,0,0.58,-
Machine_204,Hydraulic Press,2022-08-31,1.5,2024-03-10 16:08:56,90.0,4.1,130.6,53.2,216.1,18.7,2.1,0,-,0.0,High,156,9019,2023-12-26,Corrective,581,3.4,29.7,65.7,0.54,0,0.79,-
Machine_205,Hydraulic Press,2023-02-16,1.1,2024-03-10 15:35:39,87.6,2.5,116.0,56.6,216.5,10.3,3.4,0,-,0.0,Low,83,6535,2023-10-11,Corrective,417,2.6,26.8,59.7,0.62,0,0.48,-
Machine_206,Hydraulic Press,2018-09-12,5.5,2024-03-10 21:04:37,85.8,2.0,102.5,63.7,223.9,11.3,4.4,1,Overheating,1.4,Low,186,3938,2023-07-22,Preventive,902,3.8,22.4,52.5,0.46,0,0.71,2024-03-11 21:04:37
Machine_207,Conveyor Belt,2021-01-02,3.2,2024-03-10 10:24:37,78.9,3.9,124.8,64.5,220.8,17.6,3.0,1,Motor Failure,1.2,Medium,174,3427,2023-05-26,Corrective,920,2.5,22.8,55.1,0.3,0,0.67,2024-03-13 10:24:37
Machine_208,Conveyor Belt,2023-12-01,0.3,2024-03-10 01:08:27,80.4,6.5,108.7,41.5,216.1,19.4,2.6,0,-,0.0,Medium,97,3681,2023-04-12,Corrective,430,2.6,20.1,53.9,0.41,0,0.33,-
Machine_209,Conveyor Belt,2018-12-16,5.2,2024-03-10 14:42:54,79.3,2.3,103.2,50.9,219.4,15.0,3.9,0,-,0.0,High,165,3271,2024-02-08,Preventive,575,2.1,20.3,52.3,0.47,0,0.45,-
Machine_210,Conveyor Belt,2021-03-12,3.0,2024-03-10 12:30:29,62.4,2.7,116.4,65.7,221.1,11.6,2.5,0,-,0.0,Medium,159,5745,2024-02-03,Preventive,864,3.2,20.7,55.4,0.6,0,0.89,-
Machine_211,CNC Machine,2019-07-06,4.7,2024-03-10 17:10:30,79.4,3.1,129.5,45.5,224.7,16.8,3.2,0,-,0.0,Medium,173,5356,2024-01-23,Corrective,340,1.5,23.9,69.8,0.25,0,0.87,-
Machine_212,CNC Machine,2023-01-24,1.1,2024-03-10 16:04:49,70.3,5.4,117.5,66.1,218.8,19.4,2.2,0,-,0.0,High,183,6651,2024-02-08,Preventive,924,1.1,26.1,56.0,0.49,0,0.43,-
Machine_213,Conveyor Belt,2023-01-04,1.2,2024-03-10 01:14:06,76.2,5.1,133.6,67.6,219.9,12.1,4.5,0,-,0.0,Medium,101,2788,2024-01-07,Preventive,522,1.3,25.0,50.3,0.89,1,0.86,-
Machine_214,Hydraulic Press,2022-09-02,1.5,2024-03-10 14:37:38,82.5,5.6,104.6,57.7,222.3,13.5,2.6,0,-,0.0,Low,155,6544,2023-09-27,Corrective,544,2.4,20.5,68.7,0.15,0,0.88,-
Machine_215,CNC Machine,2019-08-02,4.6,2024-03-10 01:10:48,65.0,5.5,116.9,49.5,219.6,12.8,4.2,0,-,0.0,Low,123,7434,2023-07-11,Preventive,360,1.8,23.5,61.6,0.87,1,0.58,-
Machine_216,Hydraulic Press,2018-01-17,6.1,2024-03-10 18:17:50,66.5,5.2,142.5,61.4,221.9,11.2,4.3,1,Electrical Failure,1.5,Medium,175,4871,2023-07-27,Corrective,343,3.0,20.8,68.6,0.62,0,0.32,2024-03-17 18:17:50
Machine_217,CNC Machine,2020-06-19,3.7,2024-03-10 23:40:23,89.2,2.2,122.1,58.9,218.5,14.4,4.7,0,-,0.0,Low,192,9190,2023-05-22,Preventive,423,1.3,25.4,54.8,0.88,1,0.38,-
Machine_218,Conveyor Belt,2018-02-26,6.0,2024-03-10 07:20:43,74.7,4.8,137.4,42.6,215.0,11.0,2.4,1,Overheating,2.2,High,183,6212,2023-04-01,Corrective,566,3.6,25.1,69.2,0.14,0,0.74,2024-03-12 07:20:43
Machine_219,Hydraulic Press,2023-09-03,0.5,2024-03-10 15:47:02,81.6,3.1,109.3,50.7,218.7,11.3,4.8,0,-,0.0,Low,93,8382,2023-03-26,Preventive,400,4.0,26.5,61.0,0.33,0,0.37,-
Machine_220,Hydraulic Press,2020-01-25,4.1,2024-03-10 02:04:33,75.2,5.0,128.8,48.4,221.0,19.0,3.8,0,-,0.0,High,184,7540,2023-10-14,Preventive,691,1.4,23.6,60.2,0.16,0,0.88,-
Machine_221,CNC Machine,2018-08-19,5.6,2024-03-10 17:49:50,81.4,3.8,144.5,69.0,221.2,18.5,4.6,0,-,0.0,Low,195,4326,2023-09-01,Preventive,546,1.5,21.9,57.4,0.71,0,0.25,-
Machine_222,CNC Machine,2018-04-20,5.9,2024-03-10 20:50:39,68.0,2.3,149.0,54.3,215.6,19.6,3.5,0,-,0.0,High,118,3781,2023-04-22,Preventive,940,3.2,21.8,68.4,0.12,0,0.51,-
Machine_223,Conveyor Belt,2019-10-05,4.4,2024-03-10 23:52:45,89.7,2.3,138.8,54.3,219.2,18.6,4.9,0,-,0.0,High,114,6536,2024-01-04,Preventive,470,1.7,26.8,51.4,0.93,1,0.42,-
Machine_224,CNC Machine,2019-05-09,4.8,2024-03-10 22:10:37,60.7,2.5,129.4,68.5,215.8,15.1,2.7,0,-,0.0,High,149,2584,2023-11-14,Corrective,603,2.1,27.0,68.2,0.95,1,0.5,-
Machine_225,Hydraulic Press,2021-03-31,2.9,2024-03-10 20:00:46,70.2,2.3,110.0,68.6,220.1,18.8,4.8,0,-,0.0,Medium,197,7561,2023-08-29,Corrective,702,1.2,24.8,62.9,0.72,0,0.6,-
Machine_226,CNC Machine,2023-10-09,0.4,2024-03-10 17:40:31,66.9,4.0,111.0,53.7,218.5,11.5,3.9,0,-,0.0,High,115,7858,2023-09-28,Preventive,869,1.8,24.0,59.6,0.34,0,0.54,-
Machine_227,CNC Machine,2023-12-30,0.2,2024-03-10 13:41:02,76.0,6.1,142.6,46.7,223.3,17.0,2.5,0,-,0.0,Medium,177,4233,2023-03-18,Corrective,737,2.3,21.9,52.0,0.69,0,0.29,-
Machine_228,Hydraulic Press,2020-11-10,3.3,2024-03-10 16:24:49,77.9,2.3,116.4,65.7,215.3,16.3,2.2,0,-,0.0,High,152,4300,2023-10-08,Preventive,580,1.0,20.9,58.9,0.69,0,0.39,-
Machine_229,Hydraulic Press,2021-02-01,3.1,2024-03-10 16:10:24,65.6,5.9,127.8,54.4,220.4,10.5,2.5,0,-,0.0,Low,112,4951,2023-09-12,Preventive,800,3.3,25.6,52.5,0.58,0,0.46,-
Machine_230,Conveyor Belt,2023-10-15,0.4,2024-03-10 09:59:57,81.1,5.1,125.9,59.3,218.0,14.0,2.4,0,-,0.0,Medium,149,4706,2023-04-15,Preventive,897,1.2,23.2,66.5,0.29,0,0.88,-
Machine_231,Conveyor Belt,2023-10-13,0.4,2024-03-10 07:14:06,77.9,2.5,144.4,46.4,223.5,14.0,3.2,0,-,0.0,High,195,5407,2023-11-08,Preventive,489,3.5,26.3,52.9,0.5,0,0.4,-
Machine_232,CNC Machine,2021-11-26,2.3,2024-03-10 12:16:22,63.8,5.1,121.8,68.0,222.1,17.6,2.2,0,-,0.0,High,136,9266,2023-11-12,Preventive,880,2.4,24.7,61.1,0.83,0,0.47,-
Machine_233,CNC Machine,2018-04-21,5.9,2024-03-10 21:28:28,86.6,3.7,139.3,49.7,222.3,16.8,2.4,0,-,0.0,Low,153,9831,2023-12-08,Preventive,919,1.9,27.2,53.4,0.22,0,0.51,-
Machine_234,CNC Machine,2018-02-25,6.0,2024-03-10 04:13:06,90.0,7.0,112.3,67.2,216.9,18.0,4.8,0,-,0.0,Low,116,3286,2024-01-09,Corrective,686,1.9,23.3,53.0,0.26,0,0.69,-
Machine_235,Hydraulic Press,2020-06-29,3.7,2024-03-10 15:18:21,60.5,2.1,108.8,41.7,215.4,11.4,4.4,0,-,0.0,Medium,92,9472,2023-12-10,Preventive,327,2.6,21.1,64.0,0.22,0,0.74,-
Machine_236,Hydraulic Press,2021-02-21,3.0,2024-03-10 11:51:35,80.6,5.1,140.1,66.8,215.1,10.9,4.1,0,-,0.0,Low,91,6672,2023-04-24,Preventive,553,1.7,27.5,56.5,0.31,0,0.87,-
Machine_237,Hydraulic Press,2022-04-15,1.9,2024-03-10 15:27:25,69.6,5.8,109.0,69.2,221.8,16.0,3.7,0,-,0.0,Low,159,9303,2023-06-25,Corrective,528,3.3,25.8,56.2,0.64,0,0.57,-
Machine_238,Hydraulic Press,2023-04-08,0.9,2024-03-10 03:35:29,70.5,4.6,108.1,47.3,220.1,12.6,2.5,0,-,0.0,Medium,182,8815,2023-12-21,Preventive,677,2.1,26.8,64.1,0.39,0,0.34,-
Machine_239,Hydraulic Press,2022-08-21,1.6,2024-03-10 02:58:16,79.6,2.4,118.8,57.2,215.6,16.4,3.0,0,-,0.0,High,177,3265,2023-04-07,Corrective,876,1.9,20.9,60.8,0.16,0,0.43,-
Machine_240,Conveyor Belt,2018-08-04,5.6,2024-03-10 08:56:04,70.9,6.1,127.1,54.1,224.8,17.4,4.5,0,-,0.0,Low,197,3941,2023-12-14,Preventive,335,2.1,26.7,68.7,0.4,0,0.54,-
Machine_241,Conveyor Belt,2018-05-17,5.8,2024-03-10 18:45:43,71.7,2.1,129.2,62.0,218.6,10.6,2.9,0,-,0.0,High,162,5864,2023-07-07,Corrective,563,2.5,23.5,68.3,0.76,0,0.35,-
Machine_242,Conveyor Belt,2020-04-01,3.9,2024-03-10 14:55:39,78.3,5.8,108.6,64.5,224.4,11.6,2.3,1,Electrical Failure,4.4,Medium,132,9246,2023-07-10,Preventive,767,3.2,28.0,56.3,1.0,1,0.49,2024-03-11 14:55:39
Machine_243,Hydraulic Press,2021-04-27,2.9,2024-03-10 14:54:38,71.7,3.6,113.3,48.2,222.0,11.4,4.9,0,-,0.0,Low,154,3313,2023-08-14,Corrective,607,1.0,23.4,53.5,0.23,0,0.22,-
Machine_244,Hydraulic Press,2018-10-19,5.4,2024-03-10 00:52:15,84.5,7.0,117.1,68.5,219.3,13.0,2.9,0,-,0.0,High,86,9093,2024-01-26,Preventive,387,3.4,20.9,52.6,0.53,0,0.34,-
Machine_245,CNC Machine,2021-11-19,2.3,2024-03-10 01:03:49,62.4,4.4,120.6,57.4,219.2,16.1,3.8,0,-,0.0,High,188,3986,2023-04-04,Preventive,502,3.4,28.2,65.9,0.58,0,0.46,-
Machine_246,Conveyor Belt,2019-01-31,5.1,2024-03-10 14:45:46,81.0,4.2,105.4,53.1,216.0,19.6,3.8,0,-,0.0,Low,168,8512,2023-03-11,Preventive,722,3.2,22.1,65.0,0.85,0,0.78,-
Machine_247,Hydraulic Press,2022-08-29,1.5,2024-03-10 22:03:35,65.2,5.1,142.1,51.4,221.2,16.0,3.5,0,-,0.0,High,191,6523,2023-06-12,Preventive,341,3.5,25.6,58.8,0.83,0,0.36,-
Machine_248,Conveyor Belt,2021-11-26,2.3,2024-03-10 10:32:05,89.6,5.5,110.7,55.0,216.7,10.2,2.8,0,-,0.0,Low,179,8043,2023-12-23,Corrective,778,3.2,25.3,65.7,0.39,0,0.47,-
Machine_249,CNC Machine,2023-09-24,0.5,2024-03-10 21:20:00,75.3,3.7,125.0,40.2,220.6,18.7,2.2,0,-,0.0,Medium,91,8745,2023-09-22,Preventive,876,1.3,28.9,64.6,0.91,1,0.26,-
Machine_250,CNC Machine,2022-05-19,1.8,2024-03-10 23:12:13,71.4,5.6,110.2,62.5,222.0,18.1,2.5,0,-,0.0,Low,134,8480,2023-03-16,Corrective,927,3.7,22.8,52.6,0.15,0,0.68,-
Machine_251,CNC Machine,2018-06-17,5.7,2024-03-10 02:33:21,73.2,3.6,146.6,64.7,217.9,13.2,2.2,0,-,0.0,Low,157,5098,2023-12-05,Preventive,752,2.8,27.5,68.6,0.28,0,0.77,-
Machine_252,Conveyor Belt,2018-01-13,6.2,2024-03-10 16:46:09,81.2,3.8,124.5,40.2,218.2,11.0,3.6,0,-,0.0,High,83,5725,2024-01-31,Corrective,480,1.3,29.9,51.6,0.93,1,0.26,-
Machine_253,CNC Machine,2019-04-11,4.9,2024-03-10 03:37:39,61.4,6.7,129.5,55.0,219.8,19.3,4.2,1,Overheating,3.0,Low,111,6152,2024-01-08,Preventive,330,2.9,26.9,61.9,0.65,0,0.42,2024-03-14 03:37:39
Machine_254,CNC Machine,2023-05-15,0.8,2024-03-10 09:02:35,68.0,2.9,148.3,54.8,224.8,14.5,3.3,0,-,0.0,Medium,175,3028,2023-03-15,Preventive,412,1.1,20.3,53.6,0.41,0,0.36,-
Machine_255,Hydraulic Press,2018-06-01,5.8,2024-03-10 09:16:59,71.7,4.2,126.9,65.8,222.6,13.6,3.3,0,-,0.0,Medium,189,9124,2024-01-24,Preventive,629,3.5,26.5,50.7,0.2,0,0.83,-
Machine_256,CNC Machine,2018-06-15,5.7,2024-03-10 17:52:19,66.0,5.4,136.3,56.3,220.7,13.1,3.1,0,-,0.0,High,114,2523,2023-03-12,Preventive,991,1.5,21.5,53.9,0.41,0,0.58,-
Machine_257,CNC Machine,2021-03-15,3.0,2024-03-10 10:13:50,71.6,3.3,136.0,51.6,219.4,16.6,4.7,0,-,0.0,High,144,4941,2023-12-26,Corrective,571,3.9,21.9,62.9,0.22,0,0.29,-
Machine_258,CNC Machine,2020-01-21,4.1,2024-03-10 02:46:45,82.9,3.4,135.8,46.7,222.4,19.7,4.7,0,-,0.0,Medium,135,6741,2023-12-24,Preventive,908,3.4,24.1,63.9,0.56,0,0.51,-
Machine_259,Conveyor Belt,2019-08-05,4.6,2024-03-10 07:35:46,62.4,6.0,129.9,58.4,222.4,16.5,4.3,0,-,0.0,Low,110,8055,2024-01-30,Preventive,551,2.8,21.8,58.9,0.81,0,0.21,-
Machine_260,CNC Machine,2021-11-30,2.3,2024-03-10 23:51:04,84.1,4.3,110.9,48.6,224.2,16.8,2.9,0,-,0.0,Medium,148,6914,2024-01-13,Corrective,492,1.6,20.8,60.4,0.26,0,0.25,-
Machine_261,CNC Machine,2019-08-07,4.6,2024-03-10 02:53:48,89.4,3.4,139.0,68.9,223.2,18.6,4.7,0,-,0.0,Low,118,6083,2023-09-14,Corrective,937,2.5,28.6,55.5,0.12,0,0.31,-
Machine_262,Conveyor Belt,2018-01-03,6.2,2024-03-10 10:15:56,77.4,5.7,106.8,46.1,221.9,10.8,4.0,0,-,0.0,Low,87,8273,2023-12-11,Preventive,433,3.9,26.4,59.8,0.42,0,0.51,-
Machine_263,Hydraulic Press,2020-09-20,3.5,2024-03-10 04:21:03,81.9,4.4,109.9,41.3,220.5,18.9,4.7,0,-,0.0,High,178,4450,2024-01-22,Corrective,583,3.4,29.2,54.0,0.39,0,0.89,-
Machine_264,Hydraulic Press,2018-11-29,5.3,2024-03-10 15:58:54,86.7,6.7,128.9,45.9,221.3,11.9,2.6,0,-,0.0,Low,148,5174,2023-08-26,Preventive,494,3.1,23.7,58.3,0.37,0,0.71,-
Machine_265,CNC Machine,2018-03-20,6.0,2024-03-10 12:24:37,78.6,6.9,140.8,42.0,223.2,15.1,2.9,0,-,0.0,Medium,140,8089,2024-01-09,Corrective,380,3.5,29.6,66.5,0.14,0,0.71,-
Machine_266,Hydraulic Press,2020-06-19,3.7,2024-03-10 09:43:18,70.6,4.6,148.8,66.8,218.7,14.5,3.5,1,Electrical Failure,4.6,Medium,106,8937,2024-01-23,Preventive,509,2.3,20.5,69.6,0.5,0,0.2,2024-03-11 09:43:18
Machine_267,Conveyor Belt,2019-03-03,5.0,2024-03-10 03:52:18,73.0,3.5,142.8,68.2,224.9,15.7,2.2,0,-,0.0,Medium,116,4587,2023-09-15,Corrective,586,3.2,29.2,58.8,0.96,1,0.78,-
Machine_268,Hydraulic Press,2020-12-24,3.2,2024-03-10 03:12:43,62.5,4.9,120.0,63.1,216.0,10.9,2.4,0,-,0.0,Medium,174,6657,2023-10-12,Corrective,905,3.6,21.2,54.5,0.86,1,0.28,-
Machine_269,CNC Machine,2021-12-05,2.3,2024-03-10 11:32:59,80.1,5.8,126.0,51.4,221.9,11.9,4.5,0,-,0.0,High,96,4232,2023-11-08,Corrective,902,2.3,26.8,65.7,0.81,0,0.72,-
Machine_270,Hydraulic Press,2019-06-22,4.7,2024-03-10 19:37:03,73.4,2.5,133.8,46.0,216.7,15.8,3.0,0,-,0.0,Low,137,9854,2023-08-05,Corrective,512,3.9,20.0,68.9,0.25,0,0.54,-
Machine_271,Hydraulic Press,2022-08-30,1.5,2024-03-10 05:38:08,60.3,4.4,108.1,45.7,215.1,11.4,3.0,1,-,1.5,Low,184,7035,2023-08-28,Preventive,550,3.9,26.3,63.6,0.33,0,0.78,2024-03-11 05:38:08
Machine_272,CNC Machine,2023-11-22,0.3,2024-03-10 15:47:39,74.1,6.9,126.9,45.1,215.3,15.0,4.2,0,-,0.0,Medium,176,4662,2023-04-16,Corrective,924,1.7,25.7,54.7,0.17,0,0.73,-
Machine_273,Hydraulic Press,2019-02-23,5.0,2024-03-10 08:14:56,87.6,6.9,139.0,49.6,223.8,16.6,4.7,1,Motor Failure,3.6,Medium,94,6107,2023-09-25,Preventive,464,1.8,24.0,69.8,0.83,0,0.84,2024-03-14 08:14:56
Machine_274,Conveyor Belt,2021-07-14,2.7,2024-03-10 21:05:23,81.0,4.0,118.4,66.5,224.9,14.3,3.7,0,-,0.0,High,169,6911,2023-12-31,Corrective,924,1.5,27.9,63.5,0.58,0,0.25,-
Machine_275,Hydraulic Press,2021-06-26,2.7,2024-03-10 04:19:08,88.8,6.1,145.3,69.9,221.6,16.0,3.2,0,-,0.0,High,92,7458,2023-07-09,Corrective,476,3.7,20.1,55.2,0.56,0,0.82,-
Machine_276,Conveyor Belt,2018-04-03,5.9,2024-03-10 03:19:14,83.4,6.9,141.1,53.2,220.1,19.7,5.0,0,-,0.0,High,93,4030,2023-06-01,Corrective,420,1.3,25.5,65.0,0.65,0,0.23,-
Machine_277,Hydraulic Press,2020-12-23,3.2,2024-03-10 22:54:15,60.1,5.2,105.8,55.1,216.0,13.0,3.4,1,Bearing Failure,4.9,Medium,125,6236,2023-09-14,Corrective,730,3.6,24.1,65.1,0.44,0,0.48,2024-03-11 22:54:15
Machine_278,CNC Machine,2022-10-17,1.4,2024-03-10 09:02:15,76.0,4.4,145.3,65.5,219.9,16.7,3.1,0,-,0.0,Medium,103,3044,2023-12-07,Preventive,644,2.5,29.1,62.1,0.88,1,0.27,-
Machine_279,Conveyor Belt,2023-05-07,0.8,2024-03-10 14:39:34,66.8,4.4,142.0,63.6,221.2,11.6,4.9,0,-,0.0,Low,109,2608,2023-10-19,Corrective,404,2.5,20.6,57.6,0.27,0,0.27,-
Machine_280,Conveyor Belt,2020-03-23,4.0,2024-03-10 02:36:43,89.3,4.6,140.8,44.6,220.7,17.4,2.6,0,-,0.0,Low,119,8202,2023-04-04,Preventive,679,3.1,23.1,54.2,0.85,0,0.55,-
Machine_281,CNC Machine,2022-03-14,2.0,2024-03-10 01:30:45,73.2,3.7,106.6,52.4,222.7,13.2,2.8,1,Motor Failure,3.4,Low,181,5399,2023-04-25,Corrective,468,1.1,22.2,65.0,0.24,0,0.5,2024-03-14 01:30:45
Machine_282,Hydraulic Press,2019-07-30,4.6,2024-03-10 01:53:19,72.3,4.6,128.4,56.9,220.2,10.1,3.1,0,-,0.0,High,154,4492,2023-08-28,Corrective,545,2.6,26.4,62.3,0.81,0,0.58,-
Machine_283,Hydraulic Press,2022-02-19,2.1,2024-03-10 01:58:56,88.7,4.0,120.6,66.3,222.6,13.5,2.9,0,-,0.0,High,157,8362,2024-01-09,Corrective,975,1.4,22.7,54.8,0.47,0,0.46,-
Machine_284,Conveyor Belt,2018-05-11,5.8,2024-03-10 06:10:37,62.5,2.2,141.7,46.4,223.8,12.7,4.7,0,-,0.0,High,174,9841,2023-07-01,Corrective,862,3.4,28.8,61.8,0.38,0,0.4,-
Machine_285,Hydraulic Press,2020-07-24,3.6,2024-03-10 05:08:00,80.1,5.4,107.1,64.9,221.5,11.7,4.7,0,-,0.0,High,152,2659,2023-06-05,Corrective,808,1.0,29.1,55.0,0.18,0,0.27,-
Machine_286,Hydraulic Press,2023-01-07,1.2,2024-03-10 22:00:49,66.0,4.8,130.6,52.3,221.1,19.2,3.5,0,-,0.0,Low,99,6129,2023-12-23,Preventive,846,3.3,27.1,61.8,0.73,0,0.38,-
Machine_287,Conveyor Belt,2020-08-29,3.5,2024-03-10 19:32:42,82.3,6.0,133.1,52.6,220.8,11.4,3.1,0,-,0.0,Medium,107,8913,2023-05-08,Corrective,954,1.3,23.5,65.0,0.42,0,0.73,-
Machine_288,CNC Machine,2018-08-01,5.6,2024-03-10 17:42:10,75.5,4.2,108.7,53.0,221.9,14.9,4.0,0,-,0.0,Low,131,9913,2023-07-29,Preventive,973,2.4,24.4,54.6,0.54,0,0.8,-
Machine_289,CNC Machine,2023-09-17,0.5,2024-03-10 06:47:05,82.4,3.6,101.4,40.3,216.3,19.3,3.8,0,-,0.0,High,107,2049,2024-02-08,Preventive,869,2.3,26.3,58.2,0.34,0,0.55,-
Machine_290,CNC Machine,2022-05-14,1.8,2024-03-10 00:46:43,83.7,5.5,136.2,56.1,220.2,18.1,4.0,0,-,0.0,Medium,185,7453,2023-08-02,Corrective,347,1.2,23.3,58.4,0.81,0,0.3,-
Machine_291,Conveyor Belt,2022-09-19,1.5,2024-03-10 04:56:05,86.4,6.9,132.9,49.4,220.1,11.5,3.7,0,-,0.0,Low,132,5107,2023-04-10,Corrective,372,1.8,20.8,56.2,0.61,0,0.23,-
Machine_292,Hydraulic Press,2023-11-25,0.3,2024-03-10 02:18:27,60.6,5.0,132.1,65.8,215.9,12.0,3.3,0,-,0.0,High,111,3474,2023-09-05,Preventive,684,2.1,23.9,51.2,0.48,0,0.42,-
Machine_293,Conveyor Belt,2023-03-17,1.0,2024-03-10 20:38:45,67.7,4.8,121.9,47.2,218.5,12.2,3.4,0,-,0.0,High,176,2204,2023-04-19,Preventive,777,3.1,27.8,64.5,0.31,0,0.22,-
Machine_294,Conveyor Belt,2020-02-18,4.1,2024-03-10 02:46:01,74.5,5.9,101.8,47.8,216.5,13.8,2.7,0,-,0.0,High,107,2891,2023-03-20,Corrective,840,2.7,21.3,60.5,0.92,1,0.33,-
Machine_295,Conveyor Belt,2021-02-28,3.0,2024-03-10 20:28:36,72.3,2.9,144.9,56.2,224.4,12.4,3.1,0,-,0.0,High,177,3925,2023-04-18,Corrective,876,1.0,29.2,66.0,0.41,0,0.57,-
Machine_296,Hydraulic Press,2022-01-14,2.2,2024-03-10 10:42:10,83.0,6.6,123.7,42.8,215.4,14.1,4.4,0,-,0.0,Low,88,4808,2024-02-01,Corrective,423,3.7,22.4,59.8,0.72,0,0.77,-
Machine_297,Conveyor Belt,2020-06-08,3.8,2024-03-10 01:56:42,76.0,6.2,105.3,60.0,222.4,15.6,4.2,0,-,0.0,High,93,9381,2023-04-24,Corrective,763,2.5,20.6,64.1,0.36,0,0.56,-
Machine_298,Hydraulic Press,2019-12-25,4.2,2024-03-10 04:09:02,72.4,6.2,110.3,43.4,220.8,10.0,3.8,0,-,0.0,Low,159,9507,2024-01-14,Preventive,725,1.6,27.3,56.9,0.95,1,0.67,-
Machine_299,CNC Machine,2021-02-07,3.1,2024-03-10 20:09:49,88.5,2.9,110.3,58.8,220.1,10.8,4.6,0,-,0.0,Low,102,5588,2023-05-17,Preventive,304,3.4,21.6,64.1,0.3,0,0.69,-
Machine_300,Hydraulic Press,2018-05-26,5.8,2024-03-10 00:40:21,68.1,5.2,126.7,51.4,223.7,16.8,4.1,0,-,0.0,Medium,173,6078,2023-12-30,Preventive,356,3.7,24.4,67.6,0.23,0,0.32,-
Machine_301,Conveyor Belt,2018-07-15,5.7,2024-03-10 02:12:24,76.2,3.5,110.9,54.5,217.9,12.8,3.5,0,-,0.0,Medium,176,6834,2023-07-13,Corrective,779,2.7,25.8,53.8,0.25,0,0.21,-
Machine_302,Conveyor Belt,2018-02-13,6.1,2024-03-10 07:44:45,87.1,2.8,116.2,42.2,220.0,10.4,3.0,1,Electrical Failure,2.0,Medium,110,3283,2023-12-02,Preventive,450,1.3,23.9,56.7,0.58,0,0.46,2024-03-20 07:44:45
Machine_303,CNC Machine,2021-12-09,2.3,2024-03-10 21:46:56,87.6,5.2,122.0,69.3,223.2,16.9,4.1,0,-,0.0,Low,87,7919,2023-04-18,Preventive,650,2.4,23.3,61.5,0.28,0,0.7,-
Machine_304,Hydraulic Press,2022-10-20,1.4,2024-03-10 09:44:26,77.2,4.8,102.6,68.6,219.1,11.4,3.2,0,-,0.0,Medium,90,5235,2023-04-04,Preventive,543,2.4,25.1,51.3,0.96,1,0.82,-
Machine_305,Hydraulic Press,2019-02-27,5.0,2024-03-10 10:30:33,80.5,4.4,106.0,53.3,221.8,17.3,4.1,0,-,0.0,Low,194,6567,2023-03-28,Preventive,714,2.1,24.5,50.4,0.2,0,0.5,-
Machine_306,Hydraulic Press,2019-08-23,4.6,2024-03-10 17:39:16,62.9,4.3,105.2,61.1,223.4,11.5,2.9,0,-,0.0,Low,196,6131,2023-04-04,Corrective,424,2.0,22.7,56.4,0.26,0,0.73,-
Machine_307,CNC Machine,2018-06-06,5.8,2024-03-10 05:11:15,81.2,5.6,134.8,47.6,219.0,15.3,3.3,0,-,0.0,Medium,178,3326,2023-06-06,Preventive,407,3.1,21.3,53.7,0.88,1,0.74,-
Machine_308,CNC Machine,2020-12-05,3.3,2024-03-10 14:58:26,85.6,6.0,140.2,40.5,223.4,15.2,3.9,1,Motor Failure,3.8,Low,173,2527,2023-09-26,Corrective,964,3.2,21.2,67.5,0.14,0,0.24,2024-03-20 14:58:26
Machine_309,CNC Machine,2018-07-03,5.7,2024-03-10 19:36:41,67.8,2.6,116.9,46.7,218.0,17.3,3.0,1,Electrical Failure,1.3,Medium,168,2761,2023-08-07,Preventive,972,1.1,27.5,56.8,0.75,0,0.73,2024-03-13 19:36:41
Machine_310,CNC Machine,2022-03-03,2.0,2024-03-10 17:53:23,71.9,3.4,139.5,52.5,224.5,13.0,2.2,0,-,0.0,Medium,153,6693,2023-03-20,Corrective,437,1.8,22.1,51.5,0.15,0,0.59,-
Machine_311,Hydraulic Press,2019-05-26,4.8,2024-03-10 11:43:02,79.9,6.6,105.6,45.3,224.2,13.5,5.0,1,Bearing Failure,5.0,High,98,7154,2024-01-28,Corrective,605,2.7,21.5,67.4,0.32,0,0.67,2024-03-16 11:43:02
Machine_312,Hydraulic Press,2023-11-24,0.3,2024-03-10 19:09:47,72.4,6.9,133.3,57.6,216.9,19.7,3.9,0,-,0.0,Medium,190,6720,2024-02-05,Corrective,719,3.9,20.5,68.9,0.21,0,0.87,-
Machine_313,Hydraulic Press,2020-07-11,3.7,2024-03-10 03:03:26,84.5,2.4,132.6,63.9,223.6,15.4,2.1,0,-,0.0,Medium,180,3408,2024-01-06,Corrective,980,1.9,25.6,69.7,0.26,0,0.42,-
Machine_314,Conveyor Belt,2019-05-21,4.8,2024-03-10 07:23:02,75.7,5.8,113.4,56.6,220.6,14.5,4.4,0,-,0.0,Low,96,6612,2024-01-27,Corrective,583,1.7,28.9,62.6,0.88,1,0.6,-
Machine_315,Hydraulic Press,2021-09-17,2.5,2024-03-10 09:22:51,88.1,2.6,131.0,51.6,217.6,15.8,3.2,0,-,0.0,Medium,169,6377,2023-10-02,Corrective,572,2.5,23.3,53.7,0.18,0,0.4,-
Machine_316,Hydraulic Press,2021-04-18,2.9,2024-03-10 05:37:35,78.9,4.8,145.3,55.2,224.3,15.1,3.3,0,-,0.0,Medium,178,3505,2023-10-09,Preventive,787,3.4,24.9,50.1,1.0,1,0.88,-
Machine_317,Conveyor Belt,2023-06-17,0.7,2024-03-10 09:57:37,65.8,4.0,142.4,43.1,221.1,11.5,4.2,0,-,0.0,Medium,175,2680,2023-12-10,Preventive,782,2.2,26.9,57.0,0.27,0,0.66,-
Machine_318,Conveyor Belt,2018-06-12,5.7,2024-03-10 01:45:31,68.9,2.6,137.3,59.2,222.0,11.6,2.0,0,-,0.0,Medium,195,8280,2023-11-24,Preventive,620,2.0,28.2,68.4,0.21,0,0.24,-
Machine_319,Hydraulic Press,2023-09-12,0.5,2024-03-10 02:10:39,61.8,2.6,125.6,69.4,215.6,16.1,3.6,1,-,4.6,Low,97,8131,2023-12-26,Corrective,676,4.0,22.5,55.2,0.46,0,0.85,2024-03-13 02:10:39
Machine_320,CNC Machine,2019-03-11,5.0,2024-03-10 02:44:59,66.9,4.3,139.9,68.7,219.2,20.0,3.3,0,-,0.0,High,103,7064,2023-04-06,Corrective,744,1.7,26.9,57.0,0.23,0,0.62,-
Machine_321,Conveyor Belt,2020-01-07,4.2,2024-03-10 23:32:25,74.7,6.6,112.5,46.3,219.2,20.0,4.0,0,-,0.0,High,153,7126,2023-04-18,Preventive,799,3.8,26.7,55.5,0.99,1,0.9,-
Machine_322,Conveyor Belt,2021-12-02,2.3,2024-03-10 11:35:12,70.0,3.9,117.4,47.4,215.9,15.3,4.6,1,Electrical Failure,2.5,High,131,5145,2023-09-08,Preventive,462,1.1,28.2,62.5,0.92,1,0.65,2024-03-20 11:35:12
Machine_323,Conveyor Belt,2022-08-28,1.5,2024-03-10 05:04:25,64.1,3.5,149.5,62.3,215.6,16.4,4.0,0,-,0.0,Low,86,6900,2023-09-12,Preventive,910,3.1,22.9,68.4,0.91,1,0.48,-
Machine_324,Hydraulic Press,2021-07-10,2.7,2024-03-10 11:40:41,70.1,6.7,147.7,67.3,225.0,12.7,3.2,0,-,0.0,High,190,5951,2023-11-14,Corrective,584,1.8,28.0,55.3,0.58,0,0.25,-
Machine_325,Conveyor Belt,2023-01-14,1.2,2024-03-10 11:39:01,73.9,6.9,100.9,47.8,218.4,11.7,4.1,0,-,0.0,Low,198,2881,2023-09-21,Preventive,765,1.8,25.2,50.1,0.24,0,0.61,-
Machine_326,CNC Machine,2023-11-27,0.3,2024-03-10 06:03:28,75.8,5.4,115.8,55.6,224.4,18.3,3.5,1,Bearing Failure,3.0,Medium,197,9885,2023-04-24,Preventive,592,3.9,23.8,59.1,0.99,1,0.68,2024-03-15 06:03:28
Machine_327,Conveyor Belt,2020-02-08,4.1,2024-03-10 07:09:34,67.6,3.6,100.8,60.1,216.9,14.4,2.1,0,-,0.0,Medium,118,9228,2024-01-23,Corrective,394,1.7,29.2,57.8,0.74,0,0.87,-
Machine_328,Conveyor Belt,2019-03-04,5.0,2024-03-10 23:25:40,84.7,5.6,135.3,61.2,223.4,12.4,4.0,0,-,0.0,Medium,152,7818,2023-04-06,Corrective,912,2.4,21.1,68.5,0.85,0,0.43,-
Machine_329,Conveyor Belt,2019-06-16,4.7,2024-03-10 15:14:39,77.1,5.4,116.9,44.6,220.5,18.9,2.2,0,-,0.0,Medium,90,2357,2023-08-15,Corrective,464,2.7,24.9,53.2,0.99,1,0.83,-
Machine_330,Conveyor Belt,2020-06-27,3.7,2024-03-10 11:32:47,61.9,6.8,125.8,66.1,216.1,16.3,3.0,1,-,3.4,High,121,8294,2023-08-27,Corrective,703,2.3,29.1,69.7,0.54,0,0.44,2024-03-15 11:32:47
Machine_331,Hydraulic Press,2019-07-15,4.7,2024-03-10 15:08:46,84.7,5.0,112.6,64.6,220.2,17.3,3.8,1,Bearing Failure,4.6,Low,181,9865,2023-07-29,Preventive,611,1.6,26.9,69.9,0.61,0,0.85,2024-03-11 15:08:46
Machine_332,CNC Machine,2018-07-04,5.7,2024-03-10 02:36:38,64.2,5.9,121.8,52.2,215.2,10.9,4.4,0,-,0.0,High,199,5809,2023-06-13,Preventive,840,1.7,20.7,61.5,0.53,0,0.5,-
Machine_333,Conveyor Belt,2019-02-21,5.1,2024-03-10 01:35:05,87.9,4.9,131.7,66.6,222.9,18.2,2.1,0,-,0.0,High,193,2031,2023-12-18,Corrective,757,3.5,22.0,55.3,0.32,0,0.36,-
Machine_334,Hydraulic Press,2019-02-10,5.1,2024-03-10 03:55:45,65.7,3.1,104.2,64.1,215.1,10.3,4.4,0,-,0.0,High,177,3386,2024-02-05,Preventive,854,3.3,26.0,64.9,0.1,0,0.83,-
Machine_335,Hydraulic Press,2021-10-08,2.4,2024-03-10 18:07:54,84.9,5.1,122.2,43.7,224.9,16.8,2.2,0,-,0.0,Low,103,5458,2023-07-13,Preventive,543,3.0,24.3,61.1,0.73,0,0.5,-
Machine_336,Conveyor Belt,2021-04-14,2.9,2024-03-10 00:14:16,88.7,2.7,137.3,53.8,217.6,17.1,3.7,0,-,0.0,Medium,139,4977,2023-10-08,Corrective,813,3.7,25.1,65.7,0.65,0,0.23,-
Machine_337,Conveyor Belt,2019-07-17,4.7,2024-03-10 21:02:09,85.2,5.5,149.9,59.0,219.0,13.0,3.5,1,Overheating,4.2,High,105,3444,2023-03-28,Corrective,769,2.1,20.4,60.5,0.67,0,0.5,2024-03-19 21:02:09
Machine_338,Hydraulic Press,2021-10-02,2.4,2024-03-10 07:10:19,86.8,6.8,128.2,55.1,222.9,16.1,3.7,0,-,0.0,High,183,8209,2023-10-29,Preventive,781,2.6,21.3,62.1,0.6,0,0.68,-
Machine_339,Hydraulic Press,2019-03-16,5.0,2024-03-10 10:18:38,70.7,2.2,144.8,68.3,224.9,17.8,2.5,0,-,0.0,Medium,99,9227,2023-08-25,Preventive,549,1.2,28.0,69.8,0.78,0,0.54,-
Machine_340,CNC Machine,2023-09-23,0.5,2024-03-10 21:20:44,64.3,2.1,145.5,61.0,221.8,11.2,3.5,0,-,0.0,Medium,84,7983,2023-11-12,Preventive,704,1.6,28.6,60.6,0.84,0,0.72,-
Machine_341,Conveyor Belt,2022-03-31,1.9,2024-03-10 05:41:44,61.0,3.7,127.8,41.1,223.5,19.4,3.4,0,-,0.0,Medium,98,7242,2023-07-01,Corrective,620,2.0,24.0,65.1,0.66,0,0.37,-
Machine_342,Conveyor Belt,2022-08-13,1.6,2024-03-10 06:56:22,76.9,2.9,124.2,67.1,215.1,12.2,3.1,0,-,0.0,High,157,4990,2023-05-12,Preventive,901,3.2,22.4,67.8,0.75,0,0.69,-
Machine_343,Conveyor Belt,2023-01-24,1.1,2024-03-10 07:42:22,70.4,6.6,130.5,42.8,220.0,13.9,3.5,1,-,4.8,Low,197,3045,2023-07-29,Corrective,687,3.0,28.4,62.5,0.35,0,0.45,2024-03-12 07:42:22
Machine_344,Hydraulic Press,2021-07-02,2.7,2024-03-10 12:17:18,66.2,5.2,102.5,65.9,221.7,10.9,4.2,0,-,0.0,Low,182,7791,2023-08-20,Corrective,705,1.6,22.1,56.3,0.46,0,0.78,-
Machine_345,CNC Machine,2021-11-20,2.3,2024-03-10 05:10:14,66.4,6.1,105.8,45.0,224.3,12.3,2.3,0,-,0.0,Medium,94,7166,2023-05-28,Preventive,813,1.9,23.5,58.3,0.32,0,0.39,-
Machine_346,CNC Machine,2019-10-28,4.4,2024-03-10 20:05:14,83.5,6.3,132.9,57.3,222.2,12.5,3.7,0,-,0.0,Medium,174,3441,2023-10-27,Corrective,454,2.9,27.6,68.5,0.52,0,0.33,-
Machine_347,Hydraulic Press,2021-08-26,2.5,2024-03-10 10:37:26,75.3,4.6,146.6,50.8,224.4,14.6,4.9,0,-,0.0,Medium,103,4870,2023-05-09,Preventive,363,3.4,25.4,59.3,0.48,0,0.66,-
Machine_348,Hydraulic Press,2020-02-27,4.0,2024-03-10 21:07:47,71.2,3.9,115.0,49.6,220.2,10.7,4.5,0,-,0.0,Low,161,3221,2023-10-22,Corrective,806,2.0,21.6,52.1,0.59,0,0.52,-
Machine_349,CNC Machine,2022-09-30,1.4,2024-03-10 12:42:03,71.1,4.0,114.1,44.4,217.6,11.1,3.6,1,Electrical Failure,4.0,High,99,4792,2023-05-26,Preventive,405,1.3,25.6,55.5,0.45,0,0.34,2024-03-16 12:42:03
Machine_350,CNC Machine,2020-12-20,3.2,2024-03-10 04:21:04,71.9,6.0,141.2,57.3,219.0,13.3,4.1,0,-,0.0,Low,181,7867,2023-10-26,Preventive,500,1.4,28.9,51.2,0.15,0,0.59,-
Machine_351,Hydraulic Press,2020-09-27,3.5,2024-03-10 03:35:35,61.8,2.8,101.9,40.7,218.0,15.7,2.4,0,-,0.0,Medium,185,5391,2023-09-06,Preventive,356,3.6,20.7,52.2,0.73,0,0.25,-
Machine_352,Conveyor Belt,2022-01-14,2.2,2024-03-10 10:26:23,62.1,4.0,101.7,59.3,219.4,18.5,4.6,0,-,0.0,Low,157,2738,2023-12-29,Corrective,965,2.9,28.7,68.4,0.61,0,0.51,-
Machine_353,CNC Machine,2020-08-20,3.6,2024-03-10 05:14:56,84.2,6.1,127.7,62.7,222.1,10.9,3.0,0,-,0.0,Low,144,8468,2023-09-18,Corrective,954,2.2,26.7,62.1,0.77,0,0.2,-
Machine_354,Hydraulic Press,2020-03-31,3.9,2024-03-10 08:23:36,70.0,5.0,130.6,44.4,219.4,13.1,2.8,1,Electrical Failure,1.7,Medium,150,6225,2023-08-25,Corrective,447,3.7,27.4,68.0,0.4,0,0.59,2024-03-19 08:23:36
Machine_355,Conveyor Belt,2022-11-20,1.3,2024-03-10 03:39:42,86.0,2.6,106.7,55.0,222.1,15.6,4.1,0,-,0.0,Low,121,4986,2023-12-21,Corrective,548,2.4,29.7,57.9,0.72,0,0.52,-
Machine_356,Conveyor Belt,2022-05-29,1.8,2024-03-10 06:24:52,77.4,3.8,114.4,44.0,224.0,12.8,3.0,1,Motor Failure,4.1,Medium,144,5823,2023-06-18,Corrective,835,2.0,24.9,68.3,0.74,0,0.59,2024-03-16 06:24:52
Machine_357,Conveyor Belt,2020-12-04,3.3,2024-03-10 22:41:53,70.1,4.9,146.0,40.4,224.1,17.7,4.9,1,Electrical Failure,2.1,High,149,2400,2023-05-30,Preventive,406,1.8,28.7,61.2,0.34,0,0.69,2024-03-13 22:41:53
Machine_358,Conveyor Belt,2022-07-23,1.6,2024-03-10 14:02:15,81.3,5.4,141.5,58.3,223.0,17.4,4.1,0,-,0.0,High,178,3534,2023-03-19,Preventive,391,1.7,22.3,68.7,0.93,1,0.25,-
Machine_359,CNC Machine,2020-11-13,3.3,2024-03-10 21:42:29,72.7,6.1,129.4,57.8,220.9,11.3,4.8,0,-,0.0,Low,125,8810,2023-09-16,Preventive,801,3.3,23.5,51.5,0.44,0,0.42,-
Machine_360,Hydraulic Press,2023-06-11,0.7,2024-03-10 18:43:22,86.5,3.3,136.3,62.5,215.8,19.5,2.1,0,-,0.0,Low,109,4722,2023-08-08,Corrective,470,1.4,20.5,69.2,0.51,0,0.61,-
Machine_361,Conveyor Belt,2019-11-01,4.4,2024-03-10 18:56:59,77.1,4.2,134.4,42.8,221.7,17.1,3.8,1,-,4.1,Medium,182,7317,2023-07-21,Corrective,402,3.0,26.7,50.1,0.88,1,0.69,2024-03-20 18:56:59
Machine_362,CNC Machine,2018-12-19,5.2,2024-03-10 13:13:30,71.8,5.9,127.2,59.9,216.0,10.7,2.9,0,-,0.0,Medium,167,2081,2023-09-28,Corrective,449,3.5,29.4,66.9,0.42,0,0.71,-
Machine_363,CNC Machine,2020-02-09,4.1,2024-03-10 10:24:58,76.4,3.4,111.3,67.9,222.7,13.6,4.2,1,Electrical Failure,2.4,High,168,9324,2023-11-16,Corrective,908,3.6,29.0,62.2,0.89,1,0.27,2024-03-20 10:24:58
Machine_364,Hydraulic Press,2018-07-27,5.6,2024-03-10 03:50:03,67.3,4.4,138.9,44.2,222.2,11.0,3.6,0,-,0.0,High,194,7920,2023-03-25,Corrective,492,2.2,21.8,66.3,0.48,0,0.71,-
Machine_365,Conveyor Belt,2021-05-10,2.8,2024-03-10 05:44:35,86.3,3.9,137.0,50.0,219.1,12.3,3.2,0,-,0.0,High,154,6490,2024-01-28,Corrective,820,3.8,23.3,50.4,0.4,0,0.4,-
Machine_366,CNC Machine,2023-09-17,0.5,2024-03-10 11:16:38,74.1,3.7,103.1,53.7,215.6,14.4,3.3,0,-,0.0,High,130,8601,2023-08-07,Corrective,587,2.7,20.5,50.8,0.26,0,0.55,-
Machine_367,CNC Machine,2021-09-30,2.4,2024-03-10 10:17:21,63.3,3.6,142.9,41.3,215.4,16.5,4.3,1,Bearing Failure,2.9,Medium,165,4469,2023-07-16,Corrective,976,3.3,29.2,60.6,0.28,0,0.56,2024-03-20 10:17:21
Machine_368,Hydraulic Press,2020-03-20,4.0,2024-03-10 05:29:10,88.6,3.3,127.2,41.0,216.6,17.3,3.5,1,Bearing Failure,2.2,Low,111,2738,2023-10-31,Corrective,588,3.2,23.8,69.6,0.75,0,0.6,2024-03-13 05:29:10
Machine_369,Conveyor Belt,2021-05-22,2.8,2024-03-10 05:13:10,71.8,6.9,133.7,62.6,215.3,15.1,3.8,1,-,1.4,High,177,8765,2024-01-01,Corrective,602,3.1,25.3,68.9,0.11,0,0.59,2024-03-15 05:13:10
Machine_370,Conveyor Belt,2021-12-22,2.2,2024-03-10 04:04:17,69.1,3.1,132.6,46.7,223.2,14.6,3.2,1,Overheating,4.7,Low,127,2892,2024-01-18,Preventive,630,1.2,26.6,61.5,0.46,0,0.43,2024-03-14 04:04:17
Machine_371,CNC Machine,2020-11-01,3.4,2024-03-10 00:52:29,64.9,3.4,105.8,66.8,219.0,18.2,2.5,1,Bearing Failure,1.2,Medium,172,5089,2024-01-23,Corrective,789,2.9,24.1,56.6,0.49,0,0.34,2024-03-12 00:52:29
Machine_372,CNC Machine,2022-11-24,1.3,2024-03-10 04:22:57,79.1,6.3,134.2,56.6,222.5,20.0,3.7,0,-,0.0,Medium,156,5075,2023-04-30,Preventive,458,1.3,28.0,62.5,0.75,0,0.74,-
Machine_373,Hydraulic Press,2021-10-13,2.4,2024-03-10 12:34:13,80.1,6.0,131.7,43.5,220.5,15.9,2.2,0,-,0.0,Medium,110,6796,2024-01-17,Preventive,480,2.9,24.6,50.3,0.4,0,0.72,-
Machine_374,CNC Machine,2023-04-23,0.9,2024-03-10 05:45:40,89.8,4.6,118.1,65.8,217.8,19.2,2.2,0,-,0.0,Low,102,7235,2023-12-28,Preventive,414,2.1,24.7,66.2,0.65,0,0.78,-
Machine_375,CNC Machine,2021-05-17,2.8,2024-03-10 09:16:18,85.5,6.8,101.5,46.9,215.9,15.5,2.8,0,-,0.0,Low,91,8277,2023-06-28,Preventive,605,3.7,23.1,61.3,0.63,0,0.48,-
Machine_376,Conveyor Belt,2018-11-21,5.3,2024-03-10 10:44:45,79.6,4.2,108.7,44.8,218.5,17.5,2.2,0,-,0.0,Medium,160,2643,2023-04-12,Corrective,749,1.1,25.3,65.1,0.56,0,0.7,-
Machine_377,Hydraulic Press,2020-03-10,4.0,2024-03-10 20:12:47,89.9,4.4,148.5,42.8,218.9,15.1,4.1,1,Overheating,4.7,High,181,7248,2023-11-09,Preventive,521,3.4,24.0,53.1,0.79,0,0.21,2024-03-12 20:12:47
Machine_378,CNC Machine,2021-02-12,3.1,2024-03-10 13:11:41,79.1,2.5,127.8,63.1,218.0,18.7,4.9,0,-,0.0,Medium,145,8799,2023-04-02,Corrective,960,3.2,24.2,55.0,0.8,0,0.66,-
Machine_379,Hydraulic Press,2023-03-02,1.0,2024-03-10 10:18:55,73.2,4.6,118.5,52.1,220.9,13.2,2.8,0,-,0.0,Medium,86,3893,2023-06-20,Preventive,866,1.7,22.8,66.3,0.25,0,0.56,-
Machine_380,CNC Machine,2023-07-28,0.6,2024-03-10 20:59:00,81.1,3.8,116.6,49.8,224.4,10.5,3.8,1,Motor Failure,2.2,Low,194,6067,2023-08-24,Preventive,410,2.7,25.7,68.9,0.54,0,0.21,2024-03-19 20:59:00
Machine_381,CNC Machine,2019-10-25,4.4,2024-03-10 17:21:07,62.8,4.8,105.4,47.4,215.4,12.0,4.1,0,-,0.0,Medium,155,3422,2023-11-12,Preventive,534,3.2,27.9,65.5,0.64,0,0.5,-
Machine_382,CNC Machine,2020-03-05,4.0,2024-03-10 18:02:27,85.9,2.6,134.9,42.6,223.1,14.0,2.9,0,-,0.0,Low,128,6170,2023-08-04,Preventive,359,3.6,27.8,57.3,0.83,0,0.9,-
Machine_383,Conveyor Belt,2018-04-09,5.9,2024-03-10 05:58:08,63.4,4.4,112.4,44.2,224.6,16.4,4.4,0,-,0.0,High,135,5657,2023-06-22,Preventive,307,2.6,24.9,57.6,0.23,0,0.65,-
Machine_384,CNC Machine,2019-02-24,5.0,2024-03-10 01:33:34,70.8,5.4,146.0,42.1,219.7,16.8,3.9,0,-,0.0,Low,95,8991,2023-10-10,Preventive,963,1.5,29.8,55.1,0.42,0,0.56,-
Machine_385,Hydraulic Press,2023-04-13,0.9,2024-03-10 02:45:30,66.8,4.5,123.8,51.8,219.3,18.5,2.2,0,-,0.0,Low,179,7252,2023-07-14,Preventive,595,2.4,22.0,64.9,0.76,0,0.22,-
Machine_386,CNC Machine,2023-05-26,0.8,2024-03-10 14:51:51,70.0,3.8,141.6,41.7,215.7,11.0,3.2,0,-,0.0,High,110,4987,2023-05-03,Corrective,689,3.5,22.1,61.3,0.34,0,0.42,-
Machine_387,CNC Machine,2018-02-18,6.1,2024-03-10 09:00:01,79.6,4.9,122.2,40.0,216.3,18.2,4.9,0,-,0.0,Low,172,7198,2023-11-13,Corrective,901,1.4,24.6,60.3,0.29,0,0.27,-
Machine_388,CNC Machine,2021-11-23,2.3,2024-03-10 16:02:41,68.5,4.5,107.6,62.8,216.2,14.7,4.8,0,-,0.0,Low,115,8719,2023-05-11,Corrective,497,1.6,21.7,50.4,0.64,0,0.35,-
Machine_389,CNC Machine,2018-01-20,6.1,2024-03-10 20:35:03,71.5,4.9,120.1,67.2,222.0,16.3,2.1,0,-,0.0,Medium,171,2119,2023-11-21,Preventive,470,1.2,27.4,56.1,0.71,0,0.56,-
Machine_390,CNC Machine,2018-08-28,5.5,2024-03-10 11:23:28,78.5,3.4,135.3,69.7,217.3,11.7,2.3,0,-,0.0,Medium,127,5050,2023-10-12,Preventive,379,2.5,24.8,63.4,0.11,0,0.72,-
Machine_391,CNC Machine,2022-12-31,1.2,2024-03-10 06:16:14,72.7,6.9,108.8,49.5,216.0,11.0,4.0,0,-,0.0,Low,120,6154,2023-07-17,Preventive,866,3.6,29.0,66.3,0.6,0,0.27,-
Machine_392,CNC Machine,2019-10-25,4.4,2024-03-10 08:55:25,81.0,5.4,113.8,65.6,217.0,16.2,4.0,0,-,0.0,High,159,6774,2023-11-04,Corrective,426,1.1,22.1,59.8,0.18,0,0.34,-
Machine_393,Hydraulic Press,2023-10-26,0.4,2024-03-10 15:27:18,88.2,2.6,122.8,50.6,219.2,17.1,4.5,0,-,0.0,Low,105,3699,2024-01-26,Corrective,306,4.0,21.9,51.5,0.97,1,0.89,-
Machine_394,CNC Machine,2019-11-10,4.3,2024-03-10 13:07:27,84.1,2.7,101.9,45.3,222.7,14.1,2.4,0,-,0.0,High,101,8199,2023-05-15,Preventive,311,2.7,23.3,61.7,0.77,0,0.77,-
Machine_395,CNC Machine,2019-02-07,5.1,2024-03-10 18:14:11,70.8,2.0,135.1,65.9,216.9,17.3,2.5,0,-,0.0,High,181,2593,2023-04-08,Corrective,803,1.2,26.6,63.0,0.55,0,0.33,-
Machine_396,Conveyor Belt,2021-08-19,2.6,2024-03-10 05:25:09,66.8,4.8,145.3,44.8,225.0,10.6,4.3,0,-,0.0,Medium,168,7735,2023-11-07,Preventive,898,3.9,20.2,60.8,0.4,0,0.5,-
Machine_397,Conveyor Belt,2020-01-24,4.1,2024-03-10 03:58:47,68.3,6.9,111.1,57.0,222.3,16.4,2.3,1,Electrical Failure,3.6,Low,94,2758,2023-05-28,Preventive,548,1.8,22.8,60.7,0.92,1,0.27,2024-03-16 03:58:47
Machine_398,Hydraulic Press,2019-09-30,4.4,2024-03-10 06:26:11,66.3,5.5,118.1,63.1,220.0,16.3,3.1,0,-,0.0,Low,101,2800,2023-04-16,Preventive,836,1.8,21.0,52.8,0.54,0,0.73,-
Machine_399,CNC Machine,2022-05-10,1.8,2024-03-10 14:04:38,61.3,2.6,107.9,44.0,220.5,15.8,3.5,0,-,0.0,Medium,148,4076,2023-12-19,Corrective,541,3.2,25.2,52.5,0.86,1,0.73,-
Machine_400,Hydraulic Press,2019-04-12,4.9,2024-03-10 18:29:29,71.2,6.2,149.2,66.0,215.3,15.2,2.8,0,-,0.0,Medium,143,5867,2023-03-18,Preventive,469,2.9,28.1,54.2,0.87,1,0.24,-
Machine_401,Conveyor Belt,2018-12-20,5.2,2024-03-10 14:05:48,72.3,2.5,127.7,64.8,217.6,13.0,2.3,0,-,0.0,Low,100,4353,2023-12-21,Preventive,843,2.0,23.9,61.9,0.98,1,0.66,-
Machine_402,Hydraulic Press,2021-04-08,2.9,2024-03-10 09:43:36,87.0,4.0,132.1,52.3,217.6,20.0,3.3,1,Overheating,2.7,High,134,2991,2023-06-17,Preventive,348,2.6,29.5,65.6,0.92,1,0.36,2024-03-15 09:43:36
Machine_403,CNC Machine,2020-07-05,3.7,2024-03-10 03:51:00,80.1,2.5,119.5,48.7,217.3,11.3,3.5,0,-,0.0,Low,117,7896,2023-11-09,Corrective,370,1.5,23.8,53.9,0.46,0,0.86,-
Machine_404,CNC Machine,2021-04-07,2.9,2024-03-10 22:57:49,76.6,3.5,137.1,51.8,215.6,13.6,2.6,1,Overheating,4.3,Medium,119,8862,2023-10-17,Corrective,774,2.4,23.7,59.3,0.36,0,0.89,2024-03-16 22:57:49
Machine_405,Hydraulic Press,2023-08-13,0.6,2024-03-10 02:29:27,65.5,4.3,114.5,46.1,218.7,11.8,2.1,0,-,0.0,Medium,89,7261,2023-05-04,Corrective,953,3.7,24.3,65.1,0.37,0,0.53,-
Machine_406,CNC Machine,2018-07-02,5.7,2024-03-10 23:59:19,72.7,2.0,118.4,40.5,221.1,14.9,2.2,0,-,0.0,Low,96,7564,2024-02-05,Preventive,326,1.7,28.0,55.9,0.59,0,0.27,-
Machine_407,Hydraulic Press,2021-03-10,3.0,2024-03-10 05:26:12,69.5,4.5,105.5,66.6,221.6,11.7,2.7,0,-,0.0,Medium,118,4746,2023-05-14,Corrective,359,2.4,22.6,66.1,0.34,0,0.7,-
Machine_408,Hydraulic Press,2022-02-14,2.1,2024-03-10 22:59:41,81.9,4.5,111.4,64.5,216.0,12.6,3.3,1,Overheating,1.5,High,194,9191,2023-10-18,Corrective,689,4.0,28.5,68.3,0.99,1,0.63,2024-03-20 22:59:41
Machine_409,CNC Machine,2023-10-20,0.4,2024-03-10 00:26:44,75.5,2.1,115.9,62.0,218.9,15.5,4.9,0,-,0.0,Low,164,9497,2023-06-01,Corrective,396,3.7,22.8,53.3,0.78,0,0.54,-
Machine_410,Hydraulic Press,2018-02-11,6.1,2024-03-10 06:26:30,84.9,3.1,113.2,40.8,224.8,18.3,2.3,0,-,0.0,Low,178,6676,2023-08-05,Corrective,533,2.4,22.6,63.8,0.79,0,0.57,-
Machine_411,Conveyor Belt,2020-12-03,3.3,2024-03-10 21:44:52,86.8,5.7,126.2,40.1,220.6,10.0,2.1,0,-,0.0,High,133,8242,2024-02-07,Corrective,622,3.9,29.8,55.9,0.8,0,0.36,-
Machine_412,Conveyor Belt,2023-01-06,1.2,2024-03-10 00:11:14,85.2,4.2,116.6,64.7,223.8,18.1,3.7,0,-,0.0,Low,126,4432,2023-11-22,Corrective,563,3.6,26.4,51.4,0.62,0,0.22,-
Machine_413,CNC Machine,2021-12-20,2.2,2024-03-10 19:14:11,71.8,4.5,121.7,58.3,222.0,12.5,3.8,0,-,0.0,High,142,3481,2023-05-07,Preventive,585,2.3,29.4,60.9,0.92,1,0.21,-
Machine_414,Conveyor Belt,2023-12-14,0.2,2024-03-10 15:53:07,66.0,4.8,139.3,55.6,223.6,15.0,2.4,0,-,0.0,Medium,136,6660,2024-01-06,Preventive,608,1.0,20.8,56.8,0.93,1,0.51,-
Machine_415,Conveyor Belt,2022-11-22,1.3,2024-03-10 11:13:15,61.2,3.6,109.5,64.1,218.4,14.7,3.3,0,-,0.0,Medium,178,9843,2023-11-23,Preventive,720,3.5,24.3,68.5,0.52,0,0.87,-
Machine_416,Conveyor Belt,2019-05-30,4.8,2024-03-10 00:10:18,74.1,2.2,125.1,46.2,216.6,19.5,4.8,0,-,0.0,Low,84,7701,2023-06-29,Corrective,378,2.9,22.0,53.7,0.9,1,0.58,-
Machine_417,Conveyor Belt,2018-09-19,5.5,2024-03-10 19:35:22,76.0,3.0,120.0,63.8,216.3,15.4,3.2,0,-,0.0,Medium,197,2618,2023-06-06,Corrective,981,2.4,29.0,52.6,0.73,0,0.65,-
Machine_418,Hydraulic Press,2018-03-23,6.0,2024-03-10 17:56:49,63.2,4.9,116.7,49.5,220.0,15.3,3.7,0,-,0.0,Low,160,5516,2023-08-24,Corrective,527,3.9,21.1,54.0,0.2,0,0.72,-
Machine_419,Conveyor Belt,2020-11-05,3.3,2024-03-10 17:12:22,81.3,6.8,144.2,68.2,222.5,18.0,2.5,0,-,0.0,High,186,4235,2023-09-12,Corrective,996,1.3,22.5,57.1,0.42,0,0.35,-
Machine_420,Hydraulic Press,2018-01-24,6.1,2024-03-10 05:59:46,66.5,6.9,102.8,40.8,224.2,18.9,2.8,1,-,2.3,High,109,4273,2023-12-26,Corrective,388,2.6,29.8,50.6,0.86,1,0.38,2024-03-17 05:59:46
Machine_421,CNC Machine,2018-11-09,5.3,2024-03-10 10:15:56,65.9,3.6,108.2,67.4,220.1,19.8,3.6,0,-,0.0,Medium,104,8773,2023-06-09,Corrective,797,2.0,23.5,52.4,0.25,0,0.64,-
Machine_422,CNC Machine,2019-03-14,5.0,2024-03-10 16:32:07,82.1,6.4,148.1,70.0,221.1,14.0,2.6,0,-,0.0,Medium,91,3988,2023-08-08,Corrective,886,1.3,22.5,66.4,0.3,0,0.22,-
Machine_423,CNC Machine,2022-06-07,1.8,2024-03-10 11:34:17,61.2,6.9,107.1,47.9,220.4,12.7,2.8,0,-,0.0,Medium,124,9252,2023-11-29,Corrective,438,2.1,25.0,53.4,0.77,0,0.68,-
Machine_424,Conveyor Belt,2020-03-15,4.0,2024-03-10 16:58:58,86.6,4.3,137.1,66.7,217.0,11.8,4.7,1,Motor Failure,3.0,Medium,83,2713,2023-11-12,Preventive,352,1.7,21.6,60.0,0.71,0,0.71,2024-03-14 16:58:58
Machine_425,CNC Machine,2022-02-09,2.1,2024-03-10 15:35:43,88.2,3.6,147.6,68.5,224.5,14.4,2.6,0,-,0.0,High,155,5647,2023-07-16,Corrective,364,2.1,21.3,50.2,0.64,0,0.27,-
Machine_426,Conveyor Belt,2021-12-10,2.2,2024-03-10 02:20:44,71.2,2.1,132.0,45.4,216.5,12.5,3.3,1,Motor Failure,1.8,Low,170,9919,2023-12-02,Preventive,810,1.5,29.5,69.1,0.64,0,0.75,2024-03-18 02:20:44
Machine_427,Hydraulic Press,2021-03-23,3.0,2024-03-10 14:18:44,70.3,6.3,110.4,68.3,218.2,16.0,3.6,0,-,0.0,High,128,4689,2023-10-15,Preventive,493,2.6,29.2,55.3,0.55,0,0.87,-
Machine_428,Conveyor Belt,2022-01-26,2.1,2024-03-10 11:29:48,66.3,2.0,136.9,41.2,217.0,18.7,2.6,0,-,0.0,High,140,7366,2023-09-19,Preventive,733,2.0,26.9,60.9,0.96,1,0.43,-
Machine_429,Hydraulic Press,2023-06-14,0.7,2024-03-10 13:16:54,64.1,2.2,104.3,40.3,215.9,19.4,2.7,0,-,0.0,High,187,2048,2024-02-02,Preventive,549,2.1,22.1,66.9,0.42,0,0.31,-
Machine_430,Hydraulic Press,2021-11-03,2.4,2024-03-10 18:22:31,65.3,4.2,105.5,51.7,216.4,19.1,2.1,0,-,0.0,Medium,154,6592,2023-10-25,Preventive,542,1.5,24.9,52.6,0.8,0,0.46,-
Machine_431,Conveyor Belt,2022-08-30,1.5,2024-03-10 00:04:04,69.0,2.8,129.2,63.5,222.9,15.8,3.1,0,-,0.0,High,115,3320,2024-01-07,Corrective,671,3.5,25.6,68.7,0.84,0,0.77,-
Machine_432,CNC Machine,2018-09-15,5.5,2024-03-10 15:51:54,75.6,3.1,111.6,50.0,218.3,19.9,4.6,1,Overheating,3.6,High,185,5730,2023-10-19,Preventive,806,2.9,20.0,60.3,0.73,0,0.72,2024-03-14 15:51:54
Machine_433,CNC Machine,2019-12-02,4.3,2024-03-10 14:23:02,67.9,5.4,118.1,45.8,219.7,11.2,3.6,0,-,0.0,Low,103,7727,2023-05-10,Corrective,304,1.2,29.0,69.4,0.28,0,0.67,-
Machine_434,Conveyor Belt,2020-11-04,3.3,2024-03-10 18:19:50,75.9,3.2,106.0,57.9,224.1,18.7,3.5,0,-,0.0,Low,111,7377,2024-01-14,Preventive,589,3.8,20.7,66.5,0.54,0,0.83,-
Machine_435,Conveyor Belt,2019-10-23,4.4,2024-03-10 20:14:24,80.9,3.9,117.1,62.5,217.3,16.7,2.7,0,-,0.0,Low,113,7343,2023-06-11,Corrective,985,2.1,27.8,58.5,0.39,0,0.35,-
Machine_436,CNC Machine,2019-01-13,5.2,2024-03-10 05:08:22,63.3,3.9,122.9,62.6,223.9,11.2,4.9,0,-,0.0,High,98,2459,2023-12-04,Corrective,784,3.3,21.3,55.1,0.86,1,0.59,-
Machine_437,Conveyor Belt,2021-08-02,2.6,2024-03-10 04:23:09,90.0,3.4,128.3,50.5,222.4,17.3,3.5,0,-,0.0,Medium,109,9677,2023-09-25,Preventive,653,3.5,21.6,60.1,0.24,0,0.32,-
Machine_438,Conveyor Belt,2019-04-13,4.9,2024-03-10 18:16:52,76.1,2.3,129.8,58.1,219.4,19.0,2.5,0,-,0.0,High,117,8946,2023-08-27,Corrective,327,3.7,25.1,53.5,0.21,0,0.21,-
Machine_439,Conveyor Belt,2021-05-31,2.8,2024-03-10 15:31:33,86.0,4.1,140.5,61.9,220.1,13.5,4.9,0,-,0.0,Low,121,3006,2023-12-16,Preventive,986,3.9,22.0,54.9,0.61,0,0.52,-
Machine_440,Conveyor Belt,2019-11-21,4.3,2024-03-10 02:23:29,81.5,3.8,102.6,59.0,216.9,12.9,2.7,1,Overheating,1.1,Medium,126,9593,2024-01-31,Preventive,732,2.5,28.7,56.3,0.41,0,0.46,2024-03-11 02:23:29
Machine_441,Conveyor Belt,2018-07-06,5.7,2024-03-10 14:07:39,62.6,2.8,106.4,63.6,221.1,13.9,3.5,0,-,0.0,Low,86,4856,2023-11-29,Corrective,614,3.2,24.7,53.4,0.61,0,0.32,-
Machine_442,Conveyor Belt,2021-01-24,3.1,2024-03-10 06:48:34,61.7,2.2,122.1,48.8,221.5,18.2,2.9,0,-,0.0,Low,146,3106,2023-07-05,Preventive,800,2.0,20.1,61.4,0.49,0,0.3,-
Machine_443,Hydraulic Press,2019-11-02,4.4,2024-03-10 16:58:59,69.9,4.6,117.5,47.9,222.5,16.9,2.9,0,-,0.0,Low,131,4889,2023-05-30,Corrective,513,2.6,24.4,55.5,0.22,0,0.68,-
Machine_444,Conveyor Belt,2018-12-16,5.2,2024-03-10 11:04:23,86.8,6.2,142.4,41.0,220.8,19.6,2.7,0,-,0.0,Medium,176,9493,2024-01-30,Corrective,993,3.6,27.8,52.7,0.64,0,0.28,-
Machine_445,Conveyor Belt,2020-01-29,4.1,2024-03-10 02:51:48,75.6,4.6,121.8,48.4,218.7,13.4,5.0,0,-,0.0,Medium,181,7872,2023-06-20,Corrective,492,1.8,25.3,58.6,0.13,0,0.47,-
Machine_446,Hydraulic Press,2019-04-05,4.9,2024-03-10 23:26:32,88.1,3.5,104.5,58.9,220.3,19.0,2.2,0,-,0.0,Low,122,3084,2023-09-27,Corrective,914,2.2,28.9,63.3,1.0,1,0.61,-
Machine_447,Hydraulic Press,2018-08-15,5.6,2024-03-10 08:24:31,70.1,5.4,110.1,41.9,218.5,12.7,4.2,0,-,0.0,Low,145,5542,2023-03-16,Preventive,980,1.3,27.6,56.9,0.81,0,0.27,-
Machine_448,CNC Machine,2023-03-10,1.0,2024-03-10 06:32:24,80.3,4.2,114.0,40.4,224.5,19.4,3.2,0,-,0.0,Low,198,8718,2023-07-13,Preventive,598,1.4,28.4,58.9,0.17,0,0.22,-
Machine_449,CNC Machine,2019-07-22,4.6,2024-03-10 22:21:37,83.6,5.7,144.3,58.6,222.6,10.0,3.8,1,Bearing Failure,1.4,Medium,85,5671,2024-02-09,Preventive,611,3.8,27.8,64.6,0.36,0,0.31,2024-03-11 22:21:37
Machine_450,Hydraulic Press,2021-09-05,2.5,2024-03-10 17:34:34,63.4,3.3,119.2,50.3,222.6,18.0,2.1,1,Motor Failure,1.2,Medium,153,2730,2023-05-11,Preventive,488,3.8,23.8,59.8,0.93,1,0.61,2024-03-13 17:34:34
Machine_451,Hydraulic Press,2022-11-29,1.3,2024-03-10 00:48:37,90.0,4.5,139.1,52.9,216.5,17.0,3.3,1,Motor Failure,3.7,Low,88,9793,2023-09-14,Corrective,524,2.3,23.2,58.6,0.48,0,0.63,2024-03-13 00:48:37
Machine_452,Hydraulic Press,2021-01-21,3.1,2024-03-10 14:42:01,65.5,4.0,141.7,66.1,215.9,18.0,4.8,0,-,0.0,High,169,8048,2023-03-28,Corrective,644,3.5,23.4,57.6,0.41,0,0.23,-
Machine_453,Hydraulic Press,2021-03-01,3.0,2024-03-10 07:09:27,62.1,3.2,146.8,47.2,224.9,16.6,2.0,1,Motor Failure,1.9,Low,185,4374,2023-11-02,Preventive,688,3.7,20.7,65.6,0.26,0,0.53,2024-03-13 07:09:27
Machine_454,CNC Machine,2020-06-06,3.8,2024-03-10 19:12:34,70.1,2.4,135.6,43.7,223.6,15.6,4.8,0,-,0.0,Medium,173,7234,2023-05-03,Corrective,479,1.7,29.7,57.8,0.58,0,0.78,-
Machine_455,Conveyor Belt,2022-10-14,1.4,2024-03-10 21:02:51,77.5,5.7,114.0,46.0,215.6,13.8,4.3,0,-,0.0,Medium,101,3300,2023-03-11,Preventive,583,2.9,29.0,53.4,0.96,1,0.8,-
Machine_456,Conveyor Belt,2018-06-23,5.7,2024-03-10 11:22:32,71.8,3.8,130.1,59.3,222.2,17.1,2.5,0,-,0.0,Medium,141,9757,2023-12-24,Preventive,560,3.0,23.6,65.5,0.68,0,0.52,-
Machine_457,Hydraulic Press,2022-01-11,2.2,2024-03-10 17:34:58,82.5,6.6,140.6,48.3,218.6,16.0,4.0,0,-,0.0,Low,133,4202,2023-04-11,Preventive,384,3.2,25.5,67.4,0.34,0,0.73,-
Machine_458,CNC Machine,2018-04-23,5.9,2024-03-10 13:04:11,65.8,4.6,128.1,66.4,222.2,12.1,2.9,1,-,3.6,Medium,124,3765,2023-08-03,Corrective,780,1.8,22.5,62.3,0.53,0,0.36,2024-03-15 13:04:11
Machine_459,CNC Machine,2022-08-27,1.5,2024-03-10 14:16:09,86.5,6.2,134.6,69.0,216.3,10.3,3.2,0,-,0.0,Medium,97,3296,2023-12-22,Preventive,865,3.6,22.5,62.5,0.82,0,0.23,-
Machine_460,CNC Machine,2018-08-13,5.6,2024-03-10 18:00:20,79.9,3.6,134.0,40.3,224.5,13.8,3.1,0,-,0.0,Low,135,3047,2023-06-16,Corrective,923,2.6,29.7,56.4,0.53,0,0.37,-
Machine_461,Hydraulic Press,2023-10-22,0.4,2024-03-10 17:19:44,60.8,4.8,119.6,65.8,216.3,13.2,4.2,0,-,0.0,Medium,177,4214,2023-05-05,Corrective,694,2.3,29.2,63.3,0.67,0,0.46,-
Machine_462,Hydraulic Press,2023-02-01,1.1,2024-03-10 19:56:52,89.1,3.6,118.7,43.5,224.9,12.9,2.2,1,Bearing Failure,3.5,Low,139,9144,2023-04-06,Corrective,979,2.6,25.9,50.8,0.23,0,0.34,2024-03-12 19:56:52
Machine_463,CNC Machine,2021-02-19,3.1,2024-03-10 05:43:01,81.1,3.0,132.9,45.0,224.7,11.8,4.1,1,Overheating,2.7,High,83,9530,2023-07-24,Preventive,443,1.0,29.2,57.4,0.31,0,0.67,2024-03-20 05:43:01
Machine_464,Conveyor Belt,2020-11-11,3.3,2024-03-10 00:29:42,74.1,5.5,102.9,64.9,221.4,12.6,3.0,0,-,0.0,High,171,7675,2023-11-30,Preventive,936,2.6,26.8,56.7,0.27,0,0.55,-
Machine_465,CNC Machine,2020-10-21,3.4,2024-03-10 08:51:58,87.4,3.2,101.5,56.5,223.4,19.4,2.4,0,-,0.0,Low,165,7036,2023-05-13,Preventive,399,2.0,23.8,53.6,0.77,0,0.45,-
Machine_466,Hydraulic Press,2021-09-15,2.5,2024-03-10 18:04:11,76.9,4.8,108.0,60.4,218.4,11.4,4.8,0,-,0.0,Low,190,5851,2023-06-24,Corrective,837,2.4,24.5,57.1,0.27,0,0.68,-
Machine_467,CNC Machine,2023-07-15,0.7,2024-03-10 22:35:08,69.9,5.9,137.8,64.4,220.9,17.6,3.6,0,-,0.0,Low,170,3569,2023-05-25,Corrective,865,3.0,22.0,69.1,0.59,0,0.28,-
Machine_468,CNC Machine,2018-02-11,6.1,2024-03-10 02:13:24,64.5,2.8,131.6,62.8,217.6,17.8,3.6,1,Electrical Failure,4.9,Medium,85,4860,2023-10-14,Corrective,434,3.7,26.5,59.8,0.86,1,0.71,2024-03-16 02:13:24
Machine_469,Hydraulic Press,2023-12-10,0.2,2024-03-10 08:31:56,86.9,5.1,136.6,45.8,221.3,18.3,2.7,1,Overheating,4.0,High,89,7857,2023-04-07,Corrective,538,2.5,23.3,66.7,0.97,1,0.75,2024-03-20 08:31:56
Machine_470,Hydraulic Press,2022-09-06,1.5,2024-03-10 16:25:23,83.3,4.0,105.6,68.5,219.2,17.7,3.2,0,-,0.0,High,151,4560,2023-08-02,Preventive,529,2.3,24.8,54.4,0.25,0,0.74,-
Machine_471,CNC Machine,2019-02-27,5.0,2024-03-10 00:19:42,87.4,2.5,110.3,61.7,220.6,13.6,4.6,1,Motor Failure,1.8,High,196,7935,2023-05-18,Preventive,841,2.5,26.4,55.6,0.47,0,0.34,2024-03-15 00:19:42
Machine_472,Conveyor Belt,2019-06-13,4.7,2024-03-10 23:25:32,66.5,4.9,140.5,65.5,216.4,10.9,2.4,0,-,0.0,Medium,139,6087,2023-09-18,Corrective,719,2.0,20.9,66.9,0.44,0,0.71,-
Machine_473,CNC Machine,2021-10-08,2.4,2024-03-10 12:59:17,78.9,4.2,132.2,48.6,215.7,14.2,5.0,0,-,0.0,Medium,151,4712,2023-10-25,Corrective,588,2.3,28.0,58.9,0.65,0,0.3,-
Machine_474,Hydraulic Press,2020-08-25,3.5,2024-03-10 07:59:28,61.9,3.8,132.7,43.7,220.5,14.4,3.0,0,-,0.0,Medium,113,4186,2023-09-17,Preventive,741,2.6,20.3,57.8,0.18,0,0.77,-
Machine_475,Hydraulic Press,2022-11-29,1.3,2024-03-10 21:26:37,83.6,3.0,100.9,67.2,223.3,17.7,3.9,0,-,0.0,High,169,4441,2023-09-17,Corrective,1000,3.3,26.1,60.2,0.16,0,0.39,-
Machine_476,Hydraulic Press,2023-02-05,1.1,2024-03-10 19:46:38,67.6,5.1,113.0,61.3,223.2,12.1,3.3,0,-,0.0,Low,84,4027,2023-06-21,Corrective,980,2.7,20.7,58.1,0.22,0,0.46,-
Machine_477,Conveyor Belt,2018-04-03,5.9,2024-03-10 23:42:25,64.8,4.1,139.3,46.4,225.0,13.5,2.5,1,Bearing Failure,2.0,High,172,5171,2023-11-29,Preventive,749,4.0,25.1,52.3,0.52,0,0.38,2024-03-20 23:42:25
Machine_478,CNC Machine,2022-02-07,2.1,2024-03-10 11:21:37,73.3,2.0,110.4,52.6,222.5,12.5,3.5,1,Overheating,4.7,High,148,3988,2023-05-04,Corrective,758,3.4,22.1,67.0,0.17,0,0.42,2024-03-11 11:21:37
Machine_479,Conveyor Belt,2021-09-07,2.5,2024-03-10 04:22:21,60.9,6.8,131.0,65.6,221.8,19.0,3.3,0,-,0.0,Medium,174,8422,2023-10-15,Corrective,311,3.6,27.9,67.0,0.76,0,0.22,-
Machine_480,CNC Machine,2021-03-20,3.0,2024-03-10 21:37:41,75.1,2.6,148.9,47.1,217.9,11.9,4.0,0,-,0.0,Medium,90,6756,2023-11-10,Preventive,537,3.1,28.4,69.0,0.27,0,0.64,-
Machine_481,Hydraulic Press,2021-09-12,2.5,2024-03-10 02:26:35,60.7,6.5,134.3,63.4,225.0,13.3,4.0,1,Electrical Failure,3.0,High,102,5050,2023-05-06,Preventive,816,3.3,20.1,56.6,0.42,0,0.51,2024-03-13 02:26:35
Machine_482,CNC Machine,2018-11-17,5.3,2024-03-10 06:51:20,82.8,2.8,143.6,55.1,222.6,18.3,2.4,1,Bearing Failure,3.3,Medium,180,6935,2023-09-06,Preventive,522,3.0,28.3,55.6,0.56,0,0.7,2024-03-14 06:51:20
Machine_483,CNC Machine,2021-10-22,2.4,2024-03-10 20:58:50,74.0,6.2,133.4,47.0,219.1,14.4,4.5,0,-,0.0,Medium,93,6960,2023-06-09,Preventive,715,3.8,26.7,56.5,0.36,0,0.32,-
Machine_484,Hydraulic Press,2021-12-31,2.2,2024-03-10 01:54:39,62.4,2.2,104.2,50.2,221.3,12.3,3.8,0,-,0.0,Low,129,7306,2023-05-12,Corrective,509,1.9,24.5,55.3,0.93,1,0.84,-
Machine_485,CNC Machine,2019-02-02,5.1,2024-03-10 18:03:33,83.8,6.9,125.0,51.4,223.7,13.9,4.7,1,-,4.0,Medium,151,7027,2023-09-13,Corrective,463,2.3,25.1,61.8,0.63,0,0.79,2024-03-14 18:03:33
Machine_486,Conveyor Belt,2019-04-16,4.9,2024-03-10 20:15:04,89.6,6.9,119.0,53.4,224.5,19.2,2.2,1,Overheating,1.2,Low,144,2092,2023-10-22,Preventive,693,3.9,26.3,65.1,0.35,0,0.44,2024-03-20 20:15:04
Machine_487,Hydraulic Press,2018-07-07,5.7,2024-03-10 03:55:49,80.7,6.2,137.9,62.2,215.7,13.7,3.2,0,-,0.0,High,82,7319,2023-03-25,Corrective,633,2.1,27.8,61.8,0.25,0,0.71,-
Machine_488,Conveyor Belt,2022-06-23,1.7,2024-03-10 22:46:44,88.2,5.5,141.5,64.8,217.4,17.2,4.0,1,Overheating,3.1,High,93,2247,2023-09-04,Preventive,901,1.7,22.8,69.3,0.64,0,0.81,2024-03-14 22:46:44
Machine_489,Hydraulic Press,2021-12-31,2.2,2024-03-10 22:18:23,83.1,4.7,107.7,57.1,219.6,13.2,4.7,1,Motor Failure,1.5,High,134,3359,2023-08-23,Preventive,498,1.3,22.0,57.3,0.97,1,0.45,2024-03-19 22:18:23
Machine_490,CNC Machine,2018-02-19,6.1,2024-03-10 02:16:24,72.9,6.0,121.4,47.7,215.1,17.8,2.5,0,-,0.0,Low,115,6819,2023-10-14,Corrective,626,2.4,24.0,69.1,0.16,0,0.41,-
Machine_491,Conveyor Belt,2018-06-22,5.7,2024-03-10 08:39:28,70.0,7.0,109.3,51.9,217.0,14.3,3.1,1,Electrical Failure,1.4,Low,126,3978,2023-08-28,Corrective,901,2.1,26.7,58.5,0.77,0,0.42,2024-03-13 08:39:28
Machine_492,CNC Machine,2021-01-21,3.1,2024-03-10 17:51:44,69.4,2.0,102.0,67.0,224.4,10.2,4.4,1,Bearing Failure,2.9,High,115,7450,2023-06-07,Corrective,763,2.7,26.5,53.0,0.52,0,0.76,2024-03-13 17:51:44
Machine_493,CNC Machine,2021-09-27,2.5,2024-03-10 19:51:19,77.1,3.0,147.3,68.4,219.5,16.5,3.4,0,-,0.0,Low,101,6270,2023-05-25,Corrective,410,3.1,20.3,59.6,0.47,0,0.88,-
Machine_494,Conveyor Belt,2021-06-11,2.7,2024-03-10 16:18:19,89.9,6.7,100.4,45.9,223.9,16.0,2.4,0,-,0.0,Low,119,7671,2023-05-11,Preventive,827,1.4,22.3,63.4,0.77,0,0.74,-
Machine_495,Hydraulic Press,2020-03-30,3.9,2024-03-10 16:17:50,70.7,3.5,118.7,64.4,222.3,19.8,4.0,1,-,3.5,Medium,107,8133,2023-09-16,Corrective,981,1.4,27.8,54.6,0.62,0,0.41,2024-03-13 16:17:50
Machine_496,Conveyor Belt,2020-12-29,3.2,2024-03-10 21:26:17,74.4,5.5,104.5,69.0,217.1,17.4,2.9,0,-,0.0,High,189,2638,2023-10-18,Corrective,550,1.6,21.1,67.1,0.91,1,0.51,-
Machine_497,Conveyor Belt,2020-07-18,3.6,2024-03-10 08:32:34,60.4,6.6,146.8,62.5,215.2,14.0,4.9,1,Motor Failure,4.0,Low,167,6957,2023-10-21,Corrective,801,1.7,22.8,50.6,1.0,1,0.44,2024-03-12 08:32:34
Machine_498,CNC Machine,2021-07-06,2.7,2024-03-10 17:17:16,60.2,5.2,130.0,44.5,215.7,17.0,4.8,0,-,0.0,Medium,123,4278,2023-03-18,Preventive,754,2.5,27.9,62.8,0.12,0,0.46,-
Machine_499,CNC Machine,2021-11-12,2.3,2024-03-10 11:34:27,86.7,5.3,109.1,64.8,224.4,20.0,3.6,0,-,0.0,Medium,142,8899,2023-04-26,Preventive,768,1.2,26.9,53.0,0.3,0,0.48,-
Machine_500,Hydraulic Press,2022-05-28,1.8,2024-03-10 06:03:25,89.2,3.4,101.0,69.0,217.5,16.8,2.4,1,-,4.2,High,101,4260,2023-08-12,Preventive,718,2.3,24.3,50.8,0.4,0,0.55,2024-03-17 06:03:25
